Date,SOFRRATE Index,CHOVCHOV Index,BZDIOVRA Index,COOVIBR Index,Rate_BRL,Rate_CHI,Rate_COP
2019-01-02,3.15,2.75,6.4,4.1,3.7859,697.48,3238.35
2019-01-03,2.7,2.75,6.4,4.1,3.7594,695.5,3244.0
2019-01-04,2.45,2.75,6.4,4.105,3.7155,682.35,3192.57
2019-01-07,2.41,2.75,6.4,4.105,3.7327,679.91,3208.56
2019-01-08,2.42,2.75,6.4,4.108,3.7139,680.17,3165.96
2019-01-09,2.45,2.75,6.4,4.105,3.6808,676.98,3127.93
2019-01-10,2.43,2.75,6.4,4.105,3.7118,675.78,3136.25
2019-01-11,2.41,2.75,6.4,4.106,3.7136,674.56,3152.78
2019-01-14,2.4,2.75,6.4,4.106,3.6976,673.15,3140.75
2019-01-15,2.46,2.75,6.4,4.105,3.72,674.81,3142.05
2019-01-16,2.43,2.75,6.4,4.105,3.7368,671.13,3117.63
2019-01-17,2.41,2.75,6.4,4.106,3.746,671.15,3133.3
2019-01-18,2.42,2.75,6.4,4.107,3.7544,669.33,3124.75
2019-01-21,2.42,2.75,6.4,4.107,3.7601,672.48,3121.66
2019-01-22,2.41,2.75,6.4,4.108,3.8047,671.93,3145.77
2019-01-23,2.4,2.75,6.4,4.107,3.7593,672.61,3146.1
2019-01-24,2.41,2.75,6.4,4.107,3.7708,670.83,3171.35
2019-01-25,2.4,2.75,6.4,4.107,3.762,667.2,3151.5
2019-01-28,2.39,2.75,6.4,4.107,3.7661,672.44,3159.02
2019-01-29,2.4,2.75,6.4,4.107,3.7257,667.68,3155.43
2019-01-30,2.39,3.0,6.4,4.107,3.6794,667.5,3163.92
2019-01-31,2.58,3.0,6.4,4.107,3.6468,654.45,3107.0
2019-02-01,2.47,3.0,6.4,4.106,3.6568,652.1,3090.42
2019-02-04,2.4,3.0,6.4,4.106,3.6666,651.14,3088.02
2019-02-05,2.4,3.0,6.4,4.107,3.6666,651.8,3089.4
2019-02-06,2.38,3.0,6.4,4.106,3.7006,654.65,3105.13
2019-02-07,2.38,3.0,6.4,4.11,3.7171,655.26,3118.2
2019-02-08,2.37,3.0,6.4,4.111,3.732,658.83,3116.2
2019-02-11,2.4,3.0,6.4,4.11,3.7558,663.05,3139.7
2019-02-12,2.39,3.0,6.4,4.11,3.712,660.65,3126.6
2019-02-13,2.38,3.0,6.4,4.109,3.7592,663.68,3131.1
2019-02-14,2.39,3.0,6.4,4.11,3.7188,666.85,3151.52
2019-02-15,2.43,3.0,6.4,4.109,3.7014,663.89,3141.79
2019-02-18,2.43,3.0,6.4,4.112,3.7354,660.98,3126.35
2019-02-19,2.4,3.0,6.4,4.115,3.7218,656.93,3141.4
2019-02-20,2.39,3.0,6.4,4.111,3.7303,652.79,3110.7
2019-02-21,2.39,3.0,6.4,4.108,3.7627,654.15,3123.55
2019-02-22,2.4,3.0,6.4,4.108,3.747,651.05,3105.75
2019-02-25,2.38,3.0,6.4,4.109,3.7476,649.57,3105.55
2019-02-26,2.38,3.0,6.4,4.11,3.7489,649.05,3083.45
2019-02-27,2.37,3.0,6.4,4.107,3.7295,650.81,3071.18
2019-02-28,2.58,3.0,6.4,4.107,3.7568,654.63,3080.38
2019-03-01,2.38,3.0,6.4,4.109,3.7786,658.47,3096.13
2019-03-04,2.38,3.0,6.4,4.106,3.8464,658.83,3093.71
2019-03-05,2.38,3.0,6.4,4.105,3.8464,656.93,3099.93
2019-03-06,2.38,3.0,6.4,4.105,3.8393,659.15,3106.2
2019-03-07,2.38,3.0,6.4,4.105,3.8759,665.74,3143.35
2019-03-08,2.39,3.0,6.4,4.107,3.8658,671.47,3174.5
2019-03-11,2.38,3.0,6.4,4.109,3.841,670.62,3178.55
2019-03-12,2.39,3.0,6.4,4.108,3.8114,666.48,3150.75
2019-03-13,2.4,3.0,6.4,4.105,3.817,668.69,3145.52
2019-03-14,2.42,3.0,6.4,4.105,3.8447,671.17,3144.65
2019-03-15,2.46,3.0,6.4,4.104,3.8144,668.79,3124.08
2019-03-18,2.41,3.0,6.4,4.104,3.7917,665.88,3102.54
2019-03-19,2.42,3.0,6.4,4.105,3.7891,665.69,3094.65
2019-03-20,2.47,3.0,6.4,4.107,3.7763,665.97,3092.59
2019-03-21,2.44,3.0,6.4,4.11,3.7932,669.53,3082.08
2019-03-22,2.4,3.0,6.4,4.108,3.9065,680.0,3126.06
2019-03-26,2.4,3.0,6.4,4.108,3.8754,680.75,3145.52
2019-03-27,2.4,3.0,6.4,4.109,3.994,683.25,3186.45
2019-03-28,2.43,3.0,6.4,4.108,3.901,683.32,3191.0
2019-03-29,2.65,3.0,6.4,4.11,3.9205,679.7,3186.0
2019-04-01,2.46,3.0,6.4,4.107,3.851,671.79,3146.74
2019-04-02,2.46,3.0,6.4,4.107,3.8537,673.23,3143.2
2019-04-03,2.47,3.0,6.4,4.105,3.8711,666.66,3128.68
2019-04-04,2.46,3.0,6.4,4.107,3.8588,665.57,3132.9
2019-04-05,2.46,3.0,6.4,4.106,3.8735,664.67,3126.35
2019-04-08,2.46,3.0,6.4,4.106,3.8509,663.7,3115.22
2019-04-09,2.45,3.0,6.4,4.106,3.8505,663.96,3105.18
2019-04-10,2.45,3.0,6.4,4.107,3.8251,661.99,3095.67
2019-04-11,2.44,3.0,6.4,4.109,3.8604,665.2,3113.59
2019-04-12,2.44,3.0,6.4,4.108,3.8816,660.99,3109.0
2019-04-15,2.47,3.0,6.4,4.11,3.8723,663.12,3136.17
2019-04-16,2.47,3.0,6.4,4.11,3.9049,662.7,3160.71
2019-04-17,2.5,3.0,6.4,4.105,3.9408,661.08,3160.87
2019-04-18,2.5,3.0,6.4,4.105,3.9271,662.38,3160.48
2019-04-22,2.46,3.0,6.4,4.106,3.9363,663.94,3139.4
2019-04-23,2.46,3.0,6.4,4.106,3.9216,667.84,3177.88
2019-04-24,2.44,3.0,6.4,4.106,3.9922,672.7,3195.23
2019-04-25,2.45,3.0,6.4,4.106,3.9501,675.38,3233.0
2019-04-26,2.46,3.0,6.4,4.108,3.9315,674.51,3237.98
2019-04-29,2.48,3.0,6.4,4.106,3.9431,679.55,3247.87
2019-04-30,2.76,3.0,6.4,4.106,3.921,676.7,3233.95
2019-05-02,2.5,3.0,6.4,4.108,3.966,681.48,3262.9
2019-05-03,2.43,3.0,6.4,4.109,3.938,677.89,3240.52
2019-05-06,2.42,3.0,6.4,4.109,3.9697,678.38,3254.1
2019-05-07,2.44,3.0,6.4,4.11,3.9705,684.88,3297.0
2019-05-08,2.43,3.0,6.4,4.11,3.9286,684.18,3290.09
2019-05-09,2.41,3.0,6.4,4.112,3.9472,684.77,3278.0
2019-05-10,2.4,3.0,6.4,4.11,3.9537,686.53,3274.25
2019-05-13,2.38,3.0,6.4,4.11,3.9937,693.56,3274.3
2019-05-14,2.39,3.0,6.4,4.109,3.9762,690.88,3284.72
2019-05-15,2.48,3.0,6.4,4.11,4.0017,690.9,3296.2
2019-05-16,2.43,3.0,6.4,4.111,4.0449,693.7,3290.14
2019-05-17,2.42,3.0,6.4,4.112,4.0991,695.72,3290.27
2019-05-20,2.39,3.0,6.4,4.112,4.0966,696.22,3341.81
2019-05-21,2.38,3.0,6.4,4.113,4.0392,693.28,3344.45
2019-05-22,2.37,3.0,6.4,4.113,4.0402,697.12,3335.85
2019-05-23,2.37,3.0,6.4,4.115,4.0408,696.87,3378.2
2019-05-24,2.37,3.0,6.4,4.117,4.0227,694.59,3358.77
2019-05-27,2.37,3.0,6.4,4.116,4.0422,698.61,3358.68
2019-05-28,2.41,3.0,6.4,4.117,4.0253,707.18,3379.55
2019-05-29,2.4,3.0,6.4,4.114,3.9732,705.77,3352.8
2019-05-30,2.4,3.0,6.4,4.113,3.982,709.3,3363.98
2019-05-31,2.49,3.0,6.4,4.113,3.9232,710.36,3379.0
2019-06-04,2.39,3.0,6.4,4.115,3.8568,694.24,3292.38
2019-06-05,2.4,3.0,6.4,4.116,3.8812,694.09,3305.98
2019-06-06,2.4,3.0,6.4,4.117,3.8812,692.42,3291.27
2019-06-07,2.39,2.5,6.4,4.118,3.8795,691.92,3268.75
2019-06-10,2.39,2.5,6.4,4.116,3.8888,697.95,3258.72
2019-06-11,2.38,2.5,6.4,4.111,3.8579,692.76,3259.01
2019-06-12,2.37,2.5,6.4,4.112,3.8674,695.69,3269.0
2019-06-13,2.35,2.5,6.4,4.112,3.8491,696.05,3268.13
2019-06-14,2.35,2.5,6.4,4.112,3.8967,699.89,3273.88
2019-06-17,2.41,2.5,6.4,4.112,3.8891,700.38,3285.9
2019-06-18,2.39,2.5,6.4,4.111,3.8606,696.3,3255.7
2019-06-19,2.36,2.5,6.4,4.111,3.8395,692.25,3241.0
2019-06-20,2.36,2.5,6.4,4.11,3.8607,683.55,3193.99
2019-06-21,2.37,2.5,6.4,4.109,3.8216,684.3,3203.05
2019-06-25,2.41,2.5,6.4,4.108,3.8492,681.03,3190.68
2019-06-26,2.43,2.5,6.4,4.109,3.8441,679.9,3183.94
2019-06-27,2.42,2.5,6.4,4.108,3.8197,680.24,3197.65
2019-06-28,2.5,2.5,6.4,4.111,3.8499,678.72,3211.65
2019-07-02,2.51,2.5,6.4,4.114,3.8482,680.38,3209.95
2019-07-03,2.56,2.5,6.4,4.113,3.8295,679.21,3195.35
2019-07-04,2.56,2.5,6.4,4.112,3.8021,679.05,3198.11
2019-07-05,2.59,2.5,6.4,4.112,3.8217,683.47,3210.13
2019-07-08,2.48,2.5,6.4,4.11,3.8071,686.86,3217.98
2019-07-09,2.45,2.5,6.4,4.109,3.791,689.69,3218.5
2019-07-10,2.46,2.5,6.4,4.109,3.7543,686.16,3206.5
2019-07-11,2.41,2.5,6.4,4.11,3.7547,681.52,3199.35
2019-07-12,2.36,2.5,6.4,4.109,3.7369,679.37,3192.9
2019-07-15,2.46,2.5,6.4,4.109,3.757,680.65,3190.9
2019-07-16,2.47,2.5,6.4,4.109,3.7694,687.53,3199.95
2019-07-17,2.47,2.5,6.4,4.11,3.765,682.06,3185.25
2019-07-18,2.46,2.5,6.4,4.109,3.7215,684.14,3176.5
2019-07-19,2.41,2.5,6.4,4.111,3.7492,686.83,3173.4
2019-07-22,2.4,2.5,6.4,4.111,3.7406,688.77,3175.88
2019-07-23,2.4,2.5,6.4,4.111,3.7749,693.04,3188.57
2019-07-24,2.41,2.5,6.4,4.113,3.7755,690.35,3198.8
2019-07-25,2.42,2.5,6.4,4.115,3.7792,696.08,3217.58
2019-07-26,2.41,2.5,6.4,4.117,3.7775,694.93,3237.55
2019-07-29,2.4,2.5,6.4,4.117,3.7818,697.21,3285.01
2019-07-30,2.39,2.5,6.4,4.117,3.7908,701.3,3302.82
2019-07-31,2.55,2.5,6.4,4.118,3.8148,697.1,3280.19
2019-08-01,2.19,2.5,5.9,4.12,3.8404,705.42,3340.85
2019-08-02,2.19,2.5,5.9,4.12,3.8895,713.16,3384.5
2019-08-05,2.13,2.5,5.9,4.119,3.9773,720.7,3456.41
2019-08-06,2.11,2.5,5.9,4.121,3.9618,715.93,3428.23
2019-08-08,2.09,2.5,5.9,4.119,3.9198,709.26,3369.32
2019-08-09,2.11,2.5,5.9,4.119,3.9418,711.53,3395.5
2019-08-12,2.12,2.5,5.9,4.119,3.9845,714.06,3426.76
2019-08-13,2.16,2.5,5.9,4.119,3.9671,705.15,3412.98
2019-08-14,2.13,2.5,5.9,4.119,4.052,711.38,3459.13
2019-08-15,2.18,2.5,5.9,4.121,3.9925,709.5,3471.73
2019-08-16,2.13,2.5,5.9,4.12,4.0059,708.63,3426.75
2019-08-20,2.13,2.5,5.9,4.123,4.0555,710.64,3408.98
2019-08-21,2.1,2.5,5.9,4.121,4.027,711.09,3377.6
2019-08-22,2.09,2.5,5.9,4.119,4.0713,713.62,3390.5
2019-08-23,2.1,2.5,5.9,4.122,4.1223,718.16,3423.0
2019-08-26,2.1,2.5,5.9,4.123,4.1569,719.81,3444.77
2019-08-27,2.15,2.5,5.9,4.123,4.1305,722.34,3469.98
2019-08-28,2.12,2.5,5.9,4.123,4.1682,722.43,3477.05
2019-08-29,2.12,2.5,5.9,4.125,4.1706,721.22,3439.08
2019-08-30,2.16,2.5,5.9,4.124,4.1453,721.7,3442.35
2019-09-02,2.16,2.5,5.9,4.12,4.188,724.87,3459.0
2019-09-03,2.17,2.0,5.9,4.114,4.1677,725.74,3443.23
2019-09-04,2.21,2.0,5.9,4.113,4.0949,723.59,3397.7
2019-09-05,2.21,2.0,5.9,4.114,4.1096,715.09,3380.8
2019-09-06,2.15,2.0,5.9,4.115,4.0605,712.25,3357.25
2019-09-09,2.12,2.0,5.9,4.112,4.0962,715.03,3371.82
2019-09-10,2.14,2.0,5.9,4.11,4.0814,711.74,3362.52
2019-09-11,2.15,2.0,5.9,4.107,4.0679,715.3,3375.05
2019-09-12,2.2,2.0,5.9,4.105,4.062,709.72,3366.6
2019-09-13,2.2,2.0,5.9,4.106,4.0871,707.17,3363.5
2019-09-16,2.43,2.0,5.9,4.105,4.0804,709.18,3364.48
2019-09-17,5.25,2.0,5.9,4.106,4.0775,714.25,3385.48
2019-09-18,2.55,2.0,5.9,4.106,4.1109,715.65,3373.75
2019-09-19,1.95,2.0,5.4,4.106,4.1673,715.65,3384.75
2019-09-20,1.86,2.0,5.4,4.105,4.147,715.65,3416.2
2019-09-23,1.85,2.0,5.4,4.105,4.1646,722.28,3437.0
2019-09-24,1.96,2.0,5.4,4.105,4.1655,724.05,3435.25
2019-09-25,2.01,2.0,5.4,4.105,4.148,727.65,3431.52
2019-09-26,1.85,2.0,5.4,4.106,4.1691,727.13,3448.38
2019-09-27,1.82,2.0,5.4,4.106,4.1597,726.78,3459.8
2019-09-30,2.35,2.0,5.4,4.106,4.1562,728.41,3477.03
2019-10-01,1.88,2.0,5.4,4.106,4.1594,728.82,3496.1
2019-10-02,1.85,2.0,5.4,4.105,4.1297,725.53,3497.36
2019-10-03,1.84,2.0,5.4,4.105,4.0815,717.5,3450.55
2019-10-04,1.82,2.0,5.4,4.106,4.0561,715.8,3436.0
2019-10-07,1.83,2.0,5.4,4.106,4.1074,718.16,3452.48
2019-10-08,1.85,2.0,5.4,4.105,4.0953,724.7,3453.45
2019-10-09,1.85,2.0,5.4,4.106,4.1098,724.15,3467.75
2019-10-10,1.85,2.0,5.4,4.106,4.1083,718.15,3459.13
2019-10-11,1.85,2.0,5.4,4.106,4.1098,710.4,3431.02
2019-10-14,1.85,2.0,5.4,4.106,4.1263,712.55,3431.46
2019-10-15,2.0,2.0,5.4,4.106,4.1803,716.24,3451.7
2019-10-16,2.05,2.0,5.4,4.106,4.1544,717.07,3459.27
2019-10-17,1.95,2.0,5.4,4.105,4.1641,712.08,3451.5
2019-10-18,1.88,2.0,5.4,4.107,4.1127,711.84,3425.65
2019-10-21,1.86,2.0,5.4,4.107,4.1296,727.1,3448.52
2019-10-22,1.87,2.0,5.4,4.107,4.083,723.88,3432.2
2019-10-23,1.87,1.75,5.4,4.109,4.0364,726.22,3393.85
2019-10-24,1.86,1.75,5.4,4.11,4.0429,724.3,3406.07
2019-10-25,1.84,1.75,5.4,4.112,4.0031,727.95,3395.73
2019-10-28,1.82,1.75,5.4,4.113,3.9925,723.95,3395.25
2019-10-29,1.81,1.75,5.4,4.11,3.9992,727.2,3377.02
2019-10-30,1.82,1.75,5.4,4.11,3.992,738.58,3389.65
2019-10-31,1.76,1.75,4.9,4.112,4.0183,740.5,3379.55
2019-11-01,1.58,1.75,4.9,4.11,3.9914,740.5,3325.7
2019-11-04,1.56,1.75,4.9,4.11,4.0173,740.15,3339.19
2019-11-05,1.58,1.75,4.9,4.11,3.9926,748.5,3311.93
2019-11-06,1.57,1.75,4.9,4.107,4.0748,741.13,3338.0
2019-11-07,1.56,1.75,4.9,4.107,4.101,741.63,3319.77
2019-11-08,1.56,1.75,4.9,4.106,4.1676,747.65,3339.41
2019-11-11,1.56,1.75,4.9,4.106,4.1478,760.42,3341.01
2019-11-12,1.57,1.75,4.9,4.105,4.1642,783.83,3409.0
2019-11-13,1.57,1.75,4.9,4.106,4.1768,795.03,3428.85
2019-11-14,1.58,1.75,4.9,4.106,4.1892,803.68,3453.9
2019-11-15,1.59,1.75,4.9,4.106,4.16,777.34,3426.23
2019-11-18,1.56,1.75,4.9,4.105,4.2087,772.77,3442.27
2019-11-19,1.57,1.75,4.9,4.106,4.1994,786.85,3439.5
2019-11-20,1.57,1.75,4.9,4.107,4.2032,795.47,3442.7
2019-11-21,1.58,1.75,4.9,4.109,4.195,795.32,3420.4
2019-11-22,1.58,1.75,4.9,4.111,4.196,798.99,3425.0
2019-11-25,1.56,1.75,4.9,4.11,4.2276,795.64,3435.15
2019-11-26,1.54,1.75,4.9,4.113,4.2386,799.27,3475.95
2019-11-27,1.55,1.75,4.9,4.113,4.2592,818.99,3509.02
2019-11-28,1.55,1.75,4.9,4.113,4.2119,828.61,3513.0
2019-11-29,1.65,1.75,4.9,4.109,4.2372,810.47,3516.93
2019-12-02,1.63,1.75,4.9,4.11,4.2169,803.38,3508.77
2019-12-03,1.55,1.75,4.9,4.111,4.2049,802.85,3504.4
2019-12-04,1.54,1.75,4.9,4.11,4.2069,791.2,3471.0
2019-12-05,1.55,1.75,4.9,4.112,4.1873,783.28,3458.45
2019-12-06,1.55,1.75,4.9,4.113,4.1394,778.23,3425.13
2019-12-09,1.56,1.75,4.9,4.109,4.1399,775.79,3418.88
2019-12-10,1.55,1.75,4.9,4.106,4.1455,778.9,3405.35
2019-12-11,1.54,1.75,4.9,4.105,4.1179,769.67,3376.3
2019-12-12,1.53,1.75,4.4,4.105,4.091,769.46,3373.05
2019-12-13,1.54,1.75,4.4,4.104,4.1076,763.72,3375.85
2019-12-16,1.62,1.75,4.4,4.105,4.0581,762.05,3354.55
2019-12-17,1.54,1.75,4.4,4.105,4.0721,756.26,3343.04
2019-12-18,1.53,1.75,4.4,4.106,4.0674,752.39,3327.55
2019-12-19,1.53,1.75,4.4,4.106,4.0654,753.48,3315.5
2019-12-20,1.53,1.75,4.4,4.106,4.0978,753.15,3331.7
2019-12-23,1.52,1.75,4.4,4.105,4.0785,754.43,3312.75
2019-12-24,1.52,1.75,4.4,4.103,4.0907,751.54,3299.0
2019-12-26,1.52,1.75,4.4,4.107,4.0538,746.01,3286.2
2019-12-27,1.53,1.75,4.4,4.109,4.0469,747.27,3301.25
2019-12-30,1.54,1.75,4.4,4.111,4.0227,751.89,3287.5
2019-12-31,1.55,1.75,4.4,4.111,4.0304,751.75,3277.14
2020-01-02,1.54,1.75,4.4,4.114,4.024,750.97,3255.95
2020-01-03,1.55,1.75,4.4,4.116,4.0588,756.19,3263.95
2020-01-06,1.55,1.75,4.4,4.116,4.0644,772.4,3262.05
2020-01-07,1.56,1.75,4.4,4.112,4.0658,769.09,3273.0
2020-01-08,1.55,1.75,4.4,4.109,4.0649,761.55,3246.88
2020-01-09,1.55,1.75,4.4,4.11,4.0898,767.22,3255.98
2020-01-10,1.55,1.75,4.4,4.112,4.0981,772.09,3271.95
2020-01-13,1.54,1.75,4.4,4.11,4.1425,775.36,3269.45
2020-01-14,1.55,1.75,4.4,4.107,4.1319,771.38,3286.52
2020-01-15,1.56,1.75,4.4,4.107,4.1831,775.09,3298.9
2020-01-16,1.55,1.75,4.4,4.107,4.1839,775.92,3322.4
2020-01-17,1.54,1.75,4.4,4.107,4.1616,772.66,3332.0
2020-01-20,1.54,1.75,4.4,4.105,4.1873,769.51,3332.52
2020-01-21,1.54,1.75,4.4,4.107,4.2136,773.37,3353.52
2020-01-22,1.54,1.75,4.4,4.107,4.1805,772.01,3332.38
2020-01-23,1.54,1.75,4.4,4.108,4.17,776.72,3360.96
2020-01-24,1.53,1.75,4.4,4.108,4.1826,777.62,3366.05
2020-01-27,1.53,1.75,4.4,4.109,4.2108,791.24,3400.13
2020-01-28,1.53,1.75,4.4,4.109,4.1904,788.45,3385.6
2020-01-29,1.53,1.75,4.4,4.109,4.225,791.62,3389.05
2020-01-30,1.58,1.75,4.4,4.107,4.2472,796.15,3414.75
2020-01-31,1.6,1.75,4.4,4.109,4.2829,800.49,3420.65
2020-02-03,1.59,1.75,4.4,4.109,4.2469,788.79,3395.75
2020-02-04,1.6,1.75,4.4,4.107,4.2546,781.56,3361.45
2020-02-05,1.59,1.75,4.4,4.108,4.2412,778.22,3362.48
2020-02-06,1.59,1.75,4.15,4.108,4.2825,783.85,3380.15
2020-02-07,1.58,1.75,4.15,4.108,4.3175,790.86,3414.45
2020-02-10,1.58,1.75,4.15,4.106,4.3255,795.85,3453.7
2020-02-11,1.58,1.75,4.15,4.107,4.3302,792.64,3420.43
2020-02-12,1.57,1.75,4.15,4.105,4.3529,790.07,3388.63
2020-02-13,1.57,1.75,4.15,4.106,4.3537,795.4,3376.52
2020-02-14,1.58,1.75,4.15,4.106,4.2915,791.38,3392.1
2020-02-17,1.58,1.75,4.15,4.108,4.3277,793.17,3397.77
2020-02-18,1.6,1.75,4.15,4.106,4.3622,796.9,3407.73
2020-02-19,1.59,1.75,4.15,4.105,4.3639,798.89,3391.07
2020-02-20,1.6,1.75,4.15,4.108,4.3904,806.74,3403.5
2020-02-21,1.58,1.75,4.15,4.106,4.3885,802.71,3381.61
2020-02-24,1.58,1.75,4.15,4.105,4.3468,807.88,3432.47
2020-02-25,1.59,1.75,4.15,4.105,4.3468,811.33,3430.44
2020-02-26,1.58,1.75,4.15,4.106,4.4496,810.22,3451.74
2020-02-27,1.58,1.75,4.15,4.105,4.4911,814.97,3476.44
2020-02-28,1.6,1.75,4.15,4.108,4.472,820.78,3529.05
2020-03-02,1.59,1.75,4.15,4.108,4.4744,812.78,3495.55
2020-03-03,1.64,1.75,4.15,4.105,4.5078,807.25,3459.59
2020-03-04,1.23,1.75,4.15,4.108,4.5793,816.77,3473.82
2020-03-05,1.12,1.75,4.15,4.107,4.6167,823.2,3522.0
2020-03-06,1.1,1.75,4.15,4.107,4.6274,826.47,3586.14
2020-03-09,1.09,1.75,4.15,4.109,4.722,842.14,3792.83
2020-03-10,1.11,1.75,4.15,4.11,4.6428,835.85,3795.93
2020-03-11,1.15,1.75,4.15,4.107,4.8152,835.8,3849.96
2020-03-12,1.2,1.75,4.15,4.105,4.7955,853.83,3951.57
2020-03-13,1.1,1.75,4.15,4.107,4.8345,838.0,3981.25
2020-03-16,0.26,1.0,4.15,4.107,5.0004,854.6,4090.0
2020-03-17,0.54,1.0,4.15,4.103,5.0092,848.43,4022.8
2020-03-18,0.1,1.0,4.15,4.095,5.1089,867.52,4100.77
2020-03-19,0.06,1.0,3.65,4.087,5.0961,862.0,4106.38
2020-03-20,0.04,1.0,3.65,4.045,5.064,863.72,4092.34
2020-03-24,0.01,1.0,3.65,4.01,5.0972,844.5,4104.03
2020-03-25,0.01,1.0,3.65,3.975,5.0363,844.28,4079.91
2020-03-26,0.01,1.0,3.65,3.905,5.0234,827.5,3990.35
2020-03-27,0.01,1.0,3.65,3.78,5.1003,834.7,4037.79
2020-03-30,0.01,1.0,3.65,3.6,5.1937,852.17,4060.75
2020-03-31,0.01,0.5,3.65,3.555,5.2059,855.15,4055.75
2020-04-01,0.01,0.5,3.65,3.533,5.25,861.32,4063.5
2020-04-02,0.01,0.5,3.65,3.6,5.254,859.0,4049.5
2020-04-03,0.01,0.5,3.65,3.593,5.3519,865.19,4015.0
2020-04-06,0.01,0.5,3.65,3.5,5.2822,851.77,3978.85
2020-04-07,0.01,0.5,3.65,3.461,5.2237,854.33,3910.77
2020-04-08,0.01,0.5,3.65,3.465,5.1219,848.75,3895.2
2020-04-13,0.02,0.5,3.65,3.408,5.2012,850.92,3871.75
2020-04-14,0.06,0.5,3.65,3.48,5.1635,850.92,3854.08
2020-04-15,0.03,0.5,3.65,3.52,5.238,853.8,3892.78
2020-04-16,0.03,0.5,3.65,3.563,5.2342,853.11,3931.11
2020-04-17,0.03,0.5,3.65,3.591,5.2349,854.22,3940.98
2020-04-20,0.02,0.5,3.65,3.59,5.317,854.15,3977.8
2020-04-21,0.01,0.5,3.65,3.605,5.338,858.83,4047.6
2020-04-22,0.01,0.5,3.65,3.61,5.4579,857.19,4032.16
2020-04-23,0.01,0.5,3.65,3.603,5.5358,858.83,4022.77
2020-04-24,0.03,0.5,3.65,3.59,5.5822,858.8,4043.2
2020-04-27,0.03,0.5,3.65,3.56,5.6509,859.68,4060.55
2020-04-28,0.01,0.5,3.65,3.562,5.5004,845.4,4042.31
2020-04-29,0.01,0.5,3.65,3.595,5.3365,835.05,3924.3
2020-04-30,0.04,0.5,3.65,3.625,5.4866,835.58,3942.86
2020-05-04,0.05,0.5,3.65,3.153,5.5441,836.47,3988.38
2020-05-05,0.05,0.5,3.65,3.155,5.5788,834.08,3933.23
2020-05-06,0.05,0.5,3.65,3.158,5.7179,839.3,3965.09
2020-05-07,0.05,0.5,2.9,3.165,5.8361,834.85,3924.38
2020-05-08,0.06,0.5,2.9,3.156,5.7347,826.9,3893.9
2020-05-11,0.06,0.5,2.9,3.15,5.8189,824.02,3898.13
2020-05-12,0.06,0.5,2.9,3.123,5.8863,822.45,3881.85
2020-05-13,0.04,0.5,2.9,3.115,5.887,817.88,3912.86
2020-05-14,0.02,0.5,2.9,3.133,5.8123,821.26,3942.82
2020-05-15,0.05,0.5,2.9,3.128,5.8562,826.35,3914.45
2020-05-18,0.04,0.5,2.9,3.123,5.7162,820.87,3852.52
2020-05-19,0.04,0.5,2.9,3.133,5.7573,818.15,3834.55
2020-05-20,0.01,0.5,2.9,3.128,5.6933,802.78,3814.7
2020-05-21,0.02,0.5,2.9,3.11,5.5536,820.74,3769.55
2020-05-22,0.04,0.5,2.9,3.097,5.5321,805.86,3780.68
2020-05-26,0.06,0.5,2.9,3.069,5.3502,805.81,3727.77
2020-05-27,0.06,0.5,2.9,3.113,5.2728,821.5,3733.65
2020-05-28,0.06,0.5,2.9,3.125,5.409,808.13,3699.4
2020-05-29,0.06,0.5,2.9,3.153,5.3363,806.63,3732.0
2020-06-01,0.06,0.5,2.9,2.679,5.3663,793.78,3718.97
2020-06-02,0.07,0.5,2.9,2.681,5.2026,780.36,3636.63
2020-06-03,0.06,0.5,2.9,2.689,5.065,770.57,3606.95
2020-06-04,0.07,0.5,2.9,2.693,5.1181,771.43,3590.75
2020-06-05,0.07,0.5,2.9,2.674,4.9619,769.1,3575.13
2020-06-08,0.07,0.5,2.9,2.668,4.8201,768.58,3607.38
2020-06-09,0.08,0.5,2.9,2.665,4.901,770.0,3657.38
2020-06-10,0.07,0.5,2.9,2.663,4.975,772.25,3673.38
2020-06-11,0.08,0.5,2.9,2.655,5.1911,787.43,3774.11
2020-06-12,0.08,0.5,2.9,2.671,5.0497,793.75,3779.15
2020-06-16,0.09,0.5,2.9,2.66,5.2445,785.45,3749.55
2020-06-17,0.09,0.5,2.9,2.658,5.2284,796.85,3748.91
2020-06-18,0.09,0.5,2.15,2.669,5.3781,815.9,3753.15
2020-06-19,0.09,0.5,2.15,2.681,5.3114,815.57,3740.7
2020-06-23,0.07,0.5,2.15,2.682,5.1544,818.6,3699.63
2020-06-24,0.08,0.5,2.15,2.679,5.3476,819.15,3727.45
2020-06-25,0.09,0.5,2.15,2.679,5.3627,811.81,3731.52
2020-06-26,0.08,0.5,2.15,2.681,5.4859,818.05,3750.17
2020-06-30,0.1,0.5,2.15,2.689,5.4676,821.22,3757.75
2020-07-01,0.11,0.5,2.15,2.435,5.3198,813.84,3715.55
2020-07-02,0.11,0.5,2.15,2.436,5.3622,802.17,3642.8
2020-07-03,0.11,0.5,2.15,2.429,5.3157,802.33,3651.68
2020-07-06,0.1,0.5,2.15,2.428,5.3576,798.28,3637.19
2020-07-07,0.1,0.5,2.15,2.418,5.3814,792.2,3625.61
2020-07-08,0.1,0.5,2.15,2.42,5.3386,785.45,3641.33
2020-07-09,0.1,0.5,2.15,2.424,5.3435,788.08,3622.75
2020-07-10,0.1,0.5,2.15,2.425,5.3254,796.74,3621.61
2020-07-13,0.1,0.5,2.15,2.429,5.4061,786.42,3620.45
2020-07-14,0.11,0.5,2.15,2.433,5.3685,787.79,3623.05
2020-07-15,0.13,0.5,2.15,2.435,5.3705,788.7,3623.2
2020-07-16,0.12,0.5,2.15,2.428,5.3315,782.03,3643.07
2020-07-17,0.12,0.5,2.15,2.425,5.3862,785.25,3650.9
2020-07-21,0.11,0.5,2.15,2.425,5.1733,773.58,3623.19
2020-07-22,0.1,0.5,2.15,2.435,5.1184,768.59,3638.07
2020-07-23,0.1,0.5,2.15,2.43,5.2142,767.39,3668.45
2020-07-24,0.1,0.5,2.15,2.422,5.2324,776.0,3693.28
2020-07-27,0.1,0.5,2.15,2.413,5.1506,769.28,3677.7
2020-07-28,0.1,0.5,2.15,2.411,5.157,767.05,3724.9
2020-07-29,0.09,0.5,2.15,2.411,5.1695,756.13,3705.97
2020-07-30,0.1,0.5,2.15,2.402,5.1552,759.53,3723.53
2020-07-31,0.1,0.5,2.15,2.394,5.221,757.77,3732.83
2020-08-03,0.1,0.5,2.15,2.177,5.322,761.06,3768.9
2020-08-04,0.09,0.5,2.15,2.156,5.2865,771.47,3780.49
2020-08-05,0.09,0.5,2.15,2.165,5.2936,777.22,3776.23
2020-08-06,0.09,0.5,1.9,2.166,5.3325,772.2,3741.5
2020-08-07,0.09,0.5,1.9,2.166,5.4384,787.68,3772.64
2020-08-10,0.09,0.5,1.9,2.165,5.4813,802.88,3774.4
2020-08-11,0.1,0.5,1.9,2.165,5.3813,792.63,3741.4
2020-08-12,0.09,0.5,1.9,2.165,5.4307,792.7,3758.25
2020-08-13,0.09,0.5,1.9,2.164,5.3702,792.72,3771.45
2020-08-14,0.09,0.5,1.9,2.161,5.4231,798.03,3792.27
2020-08-18,0.09,0.5,1.9,2.16,5.4679,795.05,3782.8
2020-08-19,0.09,0.5,1.9,2.161,5.5573,783.59,3758.04
2020-08-20,0.07,0.5,1.9,2.16,5.559,788.22,3803.35
2020-08-21,0.07,0.5,1.9,2.16,5.6202,793.8,3837.7
2020-08-24,0.08,0.5,1.9,2.171,5.6111,783.77,3855.84
2020-08-25,0.08,0.5,1.9,2.172,5.5088,785.79,3868.18
2020-08-26,0.07,0.5,1.9,2.171,5.6118,785.96,3835.95
2020-08-27,0.07,0.5,1.9,2.171,5.5697,785.16,3815.68
2020-08-28,0.07,0.5,1.9,2.168,5.3891,778.6,3745.28
2020-08-31,0.09,0.5,1.9,2.172,5.4945,776.65,3741.1
2020-09-01,0.09,0.5,1.9,1.935,5.3969,771.25,3678.55
2020-09-02,0.09,0.5,1.9,1.94,5.3423,770.87,3655.3
2020-09-03,0.1,0.5,1.9,1.943,5.2926,775.13,3693.1
2020-09-04,0.09,0.5,1.9,1.951,5.3016,773.24,3715.38
2020-09-08,0.09,0.5,1.9,1.953,5.3622,772.75,3738.2
2020-09-09,0.09,0.5,1.9,1.947,5.3085,767.47,3715.93
2020-09-10,0.09,0.5,1.9,1.939,5.3203,770.53,3708.36
2020-09-11,0.09,0.5,1.9,1.933,5.3196,768.84,3708.25
2020-09-14,0.09,0.5,1.9,1.928,5.2715,764.1,3698.02
2020-09-15,0.1,0.5,1.9,1.941,5.2769,761.63,3700.7
2020-09-16,0.1,0.5,1.9,1.944,5.2377,760.7,3686.93
2020-09-17,0.1,0.5,1.9,1.946,5.2395,763.29,3715.94
2020-09-18,0.09,0.5,1.9,1.95,5.3885,773.96,3736.96
2020-09-21,0.08,0.5,1.9,1.95,5.4147,773.5,3790.18
2020-09-22,0.07,0.5,1.9,1.952,5.4719,776.22,3828.88
2020-09-23,0.06,0.5,1.9,1.95,5.5964,781.92,3864.04
2020-09-24,0.07,0.5,1.9,1.952,5.5102,784.22,3827.5
2020-09-25,0.08,0.5,1.9,1.954,5.5626,787.05,3887.15
2020-09-28,0.08,0.5,1.9,1.714,5.6624,785.4,3871.6
2020-09-29,0.07,0.5,1.9,1.718,5.6329,786.68,3887.49
2020-09-30,0.08,0.5,1.9,1.717,5.6095,784.33,3829.18
2020-10-01,0.08,0.5,1.9,1.711,5.6461,787.05,3845.06
2020-10-02,0.1,0.5,1.9,1.713,5.6861,789.26,3870.82
2020-10-05,0.09,0.5,1.9,1.712,5.5755,797.78,3830.1
2020-10-06,0.1,0.5,1.9,1.708,5.5936,798.46,3832.18
2020-10-07,0.09,0.5,1.9,1.705,5.6116,795.4,3838.6
2020-10-08,0.08,0.5,1.9,1.71,5.601,798.78,3839.34
2020-10-09,0.09,0.5,1.9,1.703,5.5327,797.22,3826.52
2020-10-12,0.09,0.5,1.9,1.703,5.6265,788.21,3825.98
2020-10-13,0.09,0.5,1.9,1.705,5.5709,797.55,3862.07
2020-10-14,0.09,0.5,1.9,1.708,5.5926,799.07,3837.26
2020-10-15,0.1,0.5,1.9,1.71,5.6145,802.92,3849.49
2020-10-16,0.09,0.5,1.9,1.711,5.6462,795.8,3849.48
2020-10-19,0.09,0.5,1.9,1.711,5.6104,786.4,3844.7
2020-10-20,0.08,0.5,1.9,1.712,5.6059,786.88,3821.65
2020-10-21,0.07,0.5,1.9,1.712,5.6064,782.04,3768.84
2020-10-22,0.07,0.5,1.9,1.71,5.5916,778.65,3785.48
2020-10-23,0.08,0.5,1.9,1.708,5.6191,776.73,3788.34
2020-10-26,0.09,0.5,1.9,1.71,5.6247,775.5,3814.09
2020-10-27,0.09,0.5,1.9,1.711,5.7062,771.04,3810.48
2020-10-28,0.08,0.5,1.9,1.709,5.7491,773.75,3835.55
2020-10-30,0.09,0.5,1.9,1.704,5.7451,773.87,3870.94
2020-11-03,0.1,0.5,1.9,1.707,5.7523,754.88,3820.1
2020-11-04,0.1,0.5,1.9,1.705,5.6648,757.5,3815.03
2020-11-05,0.11,0.5,1.9,1.704,5.5402,755.95,3764.57
2020-11-06,0.1,0.5,1.9,1.697,5.3772,753.82,3722.51
2020-11-09,0.1,0.5,1.9,1.707,5.3803,756.05,3648.6
2020-11-10,0.1,0.5,1.9,1.712,5.4129,756.63,3628.98
2020-11-11,0.1,0.5,1.9,1.709,5.3998,756.36,3632.38
2020-11-12,0.09,0.5,1.9,1.707,5.4575,756.13,3643.18
2020-11-13,0.09,0.5,1.9,1.707,5.4635,767.25,3639.63
2020-11-17,0.09,0.5,1.9,1.709,5.3246,764.88,3638.99
2020-11-18,0.07,0.5,1.9,1.7,5.3631,757.67,3644.92
2020-11-19,0.06,0.5,1.9,1.707,5.3087,757.7,3649.12
2020-11-20,0.05,0.5,1.9,1.709,5.3893,760.92,3641.75
2020-11-23,0.05,0.5,1.9,1.709,5.4337,770.8,3644.82
2020-11-24,0.07,0.5,1.9,1.704,5.3752,772.86,3639.71
2020-11-25,0.08,0.5,1.9,1.711,5.3167,770.0,3620.26
2020-11-26,0.08,0.5,1.9,1.712,5.332,766.31,3616.85
2020-11-27,0.08,0.5,1.9,1.711,5.3373,767.39,3613.02
2020-11-30,0.09,0.5,1.9,1.711,5.3594,767.35,3600.75
2020-12-01,0.08,0.5,1.9,1.712,5.2183,760.35,3570.65
2020-12-02,0.08,0.5,1.9,1.713,5.2312,755.47,3530.71
2020-12-03,0.08,0.5,1.9,1.713,5.1577,750.79,3476.1
2020-12-04,0.09,0.5,1.9,1.713,5.1295,745.09,3467.04
2020-12-07,0.08,0.5,1.9,1.716,5.1068,742.5,3487.87
2020-12-09,0.08,0.5,1.9,1.713,5.1683,742.44,3465.68
2020-12-10,0.08,0.5,1.9,1.711,5.0192,735.8,3439.45
2020-12-11,0.08,0.5,1.9,1.711,5.0594,733.22,3435.54
2020-12-14,0.08,0.5,1.9,1.71,5.1163,733.9,3429.97
2020-12-15,0.09,0.5,1.9,1.712,5.0829,734.99,3424.97
2020-12-16,0.09,0.5,1.9,1.713,5.086,733.44,3418.14
2020-12-17,0.09,0.5,1.9,1.711,5.0665,721.73,3412.43
2020-12-18,0.09,0.5,1.9,1.711,5.0849,725.88,3419.94
2020-12-21,0.09,0.5,1.9,1.711,5.1273,728.47,3427.28
2020-12-22,0.07,0.5,1.9,1.711,5.1628,724.25,3451.75
2020-12-23,0.06,0.5,1.9,1.712,5.2053,714.25,3488.25
2020-12-24,0.08,0.5,1.9,1.711,5.1739,714.03,3499.47
2020-12-28,0.09,0.5,1.9,1.712,5.2473,712.5,3495.02
2020-12-29,0.1,0.5,1.9,1.706,5.2039,714.83,3480.71
2020-12-30,0.09,0.5,1.9,1.702,5.192,711.78,3429.73
2021-01-04,0.1,0.5,1.9,1.697,5.2717,702.58,3432.69
2021-01-05,0.11,0.5,1.9,1.686,5.2766,698.93,3446.24
2021-01-06,0.1,0.5,1.9,1.685,5.3006,698.22,3425.09
2021-01-07,0.1,0.5,1.9,1.691,5.4009,709.89,3474.13
2021-01-08,0.09,0.5,1.9,1.69,5.4212,710.68,3475.8
2021-01-12,0.08,0.5,1.9,1.695,5.3212,726.55,3483.5
2021-01-13,0.08,0.5,1.9,1.693,5.3079,741.7,3478.77
2021-01-14,0.08,0.5,1.9,1.693,5.2056,728.34,3462.02
2021-01-15,0.08,0.5,1.9,1.692,5.3003,733.78,3465.69
2021-01-18,0.08,0.5,1.9,1.698,5.2974,733.83,3480.35
2021-01-19,0.07,0.5,1.9,1.694,5.3518,736.58,3487.04
2021-01-20,0.06,0.5,1.9,1.691,5.3083,722.42,3471.73
2021-01-21,0.04,0.5,1.9,1.693,5.3605,718.25,3479.85
2021-01-22,0.05,0.5,1.9,1.696,5.4705,728.03,3527.05
2021-01-25,0.06,0.5,1.9,1.699,5.4965,732.6,3589.13
2021-01-26,0.03,0.5,1.9,1.7,5.3503,732.44,3596.38
2021-01-27,0.03,0.5,1.9,1.704,5.4106,739.42,3621.18
2021-01-28,0.04,0.5,1.9,1.706,5.4405,738.38,3572.99
2021-01-29,0.06,0.5,1.9,1.705,5.4717,732.5,3575.78
2021-02-01,0.07,0.5,1.9,1.711,5.4457,736.75,3568.8
2021-02-02,0.07,0.5,1.9,1.712,5.3594,731.33,3530.27
2021-02-03,0.07,0.5,1.9,1.712,5.3783,732.6,3528.58
2021-02-04,0.05,0.5,1.9,1.711,5.4323,739.6,3555.52
2021-02-05,0.02,0.5,1.9,1.712,5.3767,737.05,3547.25
2021-02-08,0.02,0.5,1.9,1.712,5.3576,734.07,3561.38
2021-02-09,0.05,0.5,1.9,1.712,5.3824,734.74,3582.55
2021-02-10,0.06,0.5,1.9,1.711,5.3847,726.18,3557.99
2021-02-11,0.06,0.5,1.9,1.711,5.3854,724.35,3527.71
2021-02-12,0.05,0.5,1.9,1.712,5.3776,722.16,3510.12
2021-02-15,0.05,0.5,1.9,1.712,5.4196,719.37,3501.84
2021-02-16,0.06,0.5,1.9,1.711,5.4196,718.61,3521.39
2021-02-17,0.06,0.5,1.9,1.711,5.4117,715.1,3540.46
2021-02-18,0.03,0.5,1.9,1.711,5.4313,712.53,3539.68
2021-02-19,0.02,0.5,1.9,1.711,5.3877,707.94,3559.25
2021-02-22,0.03,0.5,1.9,1.71,5.46,708.18,3597.85
2021-02-23,0.01,0.5,1.9,1.707,5.4415,707.09,3590.88
2021-02-24,0.02,0.5,1.9,1.707,5.4159,703.58,3571.22
2021-02-25,0.03,0.5,1.9,1.705,5.5212,713.9,3592.82
2021-02-26,0.01,0.5,1.9,1.699,5.6033,725.38,3608.27
2021-03-01,0.02,0.5,1.9,1.696,5.6344,722.15,3616.94
2021-03-02,0.04,0.5,1.9,1.692,5.6645,731.61,3637.01
2021-03-03,0.04,0.5,1.9,1.692,5.6233,728.37,3661.06
2021-03-04,0.02,0.5,1.9,1.694,5.6686,725.95,3643.62
2021-03-05,0.02,0.5,1.9,1.697,5.6831,736.99,3635.33
2021-03-08,0.02,0.5,1.9,1.692,5.8173,734.7,3615.32
2021-03-09,0.02,0.5,1.9,1.686,5.8066,735.1,3598.41
2021-03-10,0.02,0.5,1.9,1.679,5.6725,726.17,3582.17
2021-03-11,0.01,0.5,1.9,1.668,5.5398,715.48,3542.72
2021-03-12,0.01,0.5,1.9,1.62,5.556,721.74,3568.25
2021-03-15,0.01,0.5,1.9,1.614,5.6171,723.5,3572.19
2021-03-16,0.01,0.5,1.9,1.63,5.6249,728.65,3558.49
2021-03-17,0.01,0.5,1.9,1.655,5.5872,729.36,3567.33
2021-03-18,0.01,0.5,2.65,1.668,5.5613,718.72,3570.78
2021-03-19,0.01,0.5,2.65,1.672,5.4908,716.33,3551.6
2021-03-23,0.01,0.5,2.65,1.67,5.5238,723.17,3579.04
2021-03-24,0.01,0.5,2.65,1.68,5.6222,726.5,3614.09
2021-03-26,0.01,0.5,2.65,1.68,5.7569,729.7,3667.92
2021-03-29,0.01,0.5,2.65,1.677,5.7833,731.3,3680.71
2021-03-30,0.01,0.5,2.65,1.688,5.7745,730.22,3720.43
2021-03-31,0.01,0.5,2.65,1.682,5.6337,719.04,3704.37
2021-04-05,0.01,0.5,2.65,1.685,5.6655,720.59,3660.2
2021-04-06,0.01,0.5,2.65,1.684,5.5917,717.2,3646.17
2021-04-07,0.01,0.5,2.65,1.688,5.6163,713.2,3643.11
2021-04-08,0.01,0.5,2.65,1.69,5.5718,708.4,3642.07
2021-04-09,0.01,0.5,2.65,1.696,5.6845,711.68,3639.01
2021-04-12,0.01,0.5,2.65,1.688,5.7349,712.1,3653.54
2021-04-13,0.01,0.5,2.65,1.692,5.7184,708.42,3666.46
2021-04-14,0.01,0.5,2.65,1.696,5.6535,708.19,3672.36
2021-04-15,0.01,0.5,2.65,1.693,5.6164,700.58,3612.88
2021-04-16,0.01,0.5,2.65,1.693,5.5881,704.03,3609.7
2021-04-19,0.01,0.5,2.65,1.7,5.5488,701.65,3602.02
2021-04-20,0.01,0.5,2.65,1.7,5.5674,696.88,3639.46
2021-04-21,0.01,0.5,2.65,1.703,5.5522,696.8,3627.09
2021-04-22,0.01,0.5,2.65,1.708,5.4468,706.67,3637.61
2021-04-23,0.01,0.5,2.65,1.709,5.4759,712.05,3639.63
2021-04-26,0.01,0.5,2.65,1.71,5.4369,705.52,3652.5
2021-04-27,0.01,0.5,2.65,1.71,5.4524,702.33,3715.51
2021-04-28,0.01,0.5,2.65,1.706,5.3448,697.77,3708.85
2021-04-29,0.01,0.5,2.65,1.711,5.3396,705.78,3710.47
2021-04-30,0.01,0.5,2.65,1.715,5.4376,710.35,3729.88
2021-05-03,0.01,0.5,2.65,1.716,5.4427,703.88,3819.67
2021-05-04,0.01,0.5,2.65,1.717,5.4435,701.8,3824.86
2021-05-05,0.01,0.5,2.65,1.716,5.3555,704.75,3845.59
2021-05-06,0.01,0.5,3.4,1.716,5.2782,699.32,3821.25
2021-05-07,0.01,0.5,3.4,1.716,5.2375,694.92,3763.64
2021-05-10,0.01,0.5,3.4,1.71,5.2278,694.78,3740.42
2021-05-11,0.01,0.5,3.4,1.709,5.2207,702.9,3708.81
2021-05-12,0.01,0.5,3.4,1.714,5.3065,707.33,3747.06
2021-05-13,0.01,0.5,3.4,1.714,5.3098,707.93,3729.79
2021-05-14,0.01,0.5,3.4,1.714,5.2734,700.43,3704.54
2021-05-18,0.01,0.5,3.4,1.715,5.2613,712.55,3666.45
2021-05-19,0.01,0.5,3.4,1.717,5.3106,712.12,3672.45
2021-05-20,0.01,0.5,3.4,1.721,5.2846,718.47,3696.84
2021-05-21,0.01,0.5,3.4,1.725,5.3668,712.07,3746.15
2021-05-24,0.01,0.5,3.4,1.719,5.3183,729.47,3736.25
2021-05-25,0.01,0.5,3.4,1.722,5.3315,734.35,3734.9
2021-05-26,0.01,0.5,3.4,1.722,5.312,729.72,3743.15
2021-05-27,0.01,0.5,3.4,1.725,5.2392,728.8,3729.19
2021-05-28,0.01,0.5,3.4,1.726,5.2257,723.63,3707.15
2021-05-31,0.01,0.5,3.4,1.716,5.2188,722.18,3711.95
2021-06-01,0.01,0.5,3.4,1.715,5.1518,725.01,3666.21
2021-06-02,0.01,0.5,3.4,1.718,5.0764,716.71,3649.8
2021-06-03,0.01,0.5,3.4,1.721,5.0206,719.95,3646.58
2021-06-04,0.01,0.5,3.4,1.718,5.0494,717.81,3599.98
2021-06-08,0.01,0.5,3.4,1.717,5.0342,717.82,3604.85
2021-06-09,0.01,0.5,3.4,1.714,5.0624,719.67,3591.9
2021-06-10,0.01,0.5,3.4,1.712,5.0563,720.73,3589.94
2021-06-11,0.01,0.5,3.4,1.713,5.1181,722.5,3603.44
2021-06-15,0.01,0.5,3.4,1.713,5.0457,726.75,3663.95
2021-06-16,0.01,0.5,3.4,1.712,5.0549,726.88,3678.23
2021-06-17,0.05,0.5,4.15,1.712,5.0082,737.55,3713.35
2021-06-18,0.05,0.5,4.15,1.712,5.0903,748.42,3745.4
2021-06-21,0.05,0.5,4.15,1.712,5.0152,728.2,3759.14
2021-06-22,0.05,0.5,4.15,1.711,4.9596,742.3,3782.27
2021-06-23,0.05,0.5,4.15,1.712,4.967,735.03,3784.94
2021-06-24,0.05,0.5,4.15,1.712,4.9146,734.57,3774.42
2021-06-25,0.05,0.5,4.15,1.712,4.9343,733.9,3731.85
2021-06-28,0.05,0.5,4.15,1.712,4.9266,728.2,3708.75
2021-06-29,0.05,0.5,4.15,1.712,4.9565,727.7,3767.41
2021-06-30,0.05,0.5,4.15,1.712,4.9696,734.38,3752.35
2021-07-01,0.05,0.5,4.15,1.711,5.049,741.42,3784.65
2021-07-02,0.05,0.5,4.15,1.712,5.0597,735.5,3743.27
2021-07-06,0.05,0.5,4.15,1.714,5.1994,748.13,3787.46
2021-07-07,0.05,0.5,4.15,1.713,5.2325,748.88,3831.4
2021-07-08,0.05,0.5,4.15,1.714,5.2604,752.9,3843.38
2021-07-09,0.05,0.5,4.15,1.712,5.1598,748.5,3834.01
2021-07-12,0.05,0.5,4.15,1.712,5.1742,743.85,3823.02
2021-07-13,0.05,0.5,4.15,1.714,5.1634,750.2,3824.41
2021-07-14,0.05,0.75,4.15,1.713,5.0714,745.78,3794.99
2021-07-15,0.05,0.75,4.15,1.714,5.1119,757.88,3802.23
2021-07-16,0.05,0.75,4.15,1.715,5.1152,753.29,3809.99
2021-07-19,0.05,0.75,4.15,1.717,5.2517,760.99,3854.89
2021-07-21,0.05,0.75,4.15,1.716,5.1881,752.38,3854.63
2021-07-22,0.05,0.75,4.15,1.716,5.2017,754.35,3870.01
2021-07-23,0.05,0.75,4.15,1.716,5.2,762.52,3869.56
2021-07-26,0.05,0.75,4.15,1.716,5.1765,760.21,3908.43
2021-07-27,0.05,0.75,4.15,1.716,5.1709,767.81,3919.06
2021-07-28,0.05,0.75,4.15,1.715,5.1168,762.08,3905.47
2021-07-29,0.05,0.75,4.15,1.712,5.0811,760.05,3867.61
2021-07-30,0.05,0.75,4.15,1.712,5.2119,759.0,3830.75
2021-08-02,0.05,0.75,4.15,1.712,5.1743,768.05,3886.29
2021-08-03,0.05,0.75,4.15,1.714,5.1974,777.9,3911.09
2021-08-04,0.05,0.75,4.15,1.714,5.1689,774.17,3909.46
2021-08-05,0.05,0.75,5.15,1.714,5.2493,779.17,3910.18
2021-08-06,0.05,0.75,5.15,1.714,5.2314,788.22,3957.44
2021-08-09,0.05,0.75,5.15,1.713,5.2343,784.67,3997.33
2021-08-10,0.05,0.75,5.15,1.713,5.1901,779.25,3969.9
2021-08-11,0.05,0.75,5.15,1.713,5.2227,773.25,3944.04
2021-08-12,0.05,0.75,5.15,1.713,5.2534,774.38,3858.58
2021-08-13,0.05,0.75,5.15,1.713,5.2477,775.74,3846.38
2021-08-17,0.05,0.75,5.15,1.714,5.2938,789.97,3879.42
2021-08-18,0.05,0.75,5.15,1.714,5.3894,788.65,3852.32
2021-08-19,0.05,0.75,5.15,1.714,5.4149,787.03,3870.11
2021-08-20,0.05,0.75,5.15,1.714,5.3802,786.77,3872.2
2021-08-23,0.05,0.75,5.15,1.714,5.3805,784.92,3876.48
2021-08-24,0.05,0.75,5.15,1.717,5.2477,782.65,3866.65
2021-08-25,0.05,0.75,5.15,1.717,5.2143,783.9,3865.0
2021-08-26,0.05,0.75,5.15,1.719,5.2572,786.85,3866.14
2021-08-27,0.05,0.75,5.15,1.721,5.2038,782.9,3829.46
2021-08-30,0.05,0.75,5.15,1.72,5.1851,782.13,3815.79
2021-08-31,0.05,1.5,5.15,1.719,5.1529,774.15,3771.96
2021-09-01,0.05,1.5,5.15,1.721,5.1863,771.28,3762.93
2021-09-02,0.05,1.5,5.15,1.724,5.1845,767.58,3797.56
2021-09-03,0.05,1.5,5.15,1.727,5.1928,767.75,3800.6
2021-09-06,0.05,1.5,5.15,1.728,5.1699,772.75,3794.52
2021-09-07,0.05,1.5,5.15,1.725,5.2828,780.75,3813.82
2021-09-08,0.05,1.5,5.15,1.716,5.3203,786.98,3834.76
2021-09-09,0.05,1.5,5.15,1.711,5.207,794.4,3853.15
2021-09-10,0.05,1.5,5.15,1.711,5.2469,788.63,3838.69
2021-09-13,0.05,1.5,5.15,1.715,5.2158,785.13,3833.47
2021-09-14,0.05,1.5,5.15,1.719,5.2425,784.25,3829.92
2021-09-15,0.05,1.5,5.15,1.722,5.2224,779.67,3814.78
2021-09-16,0.05,1.5,5.15,1.727,5.2565,783.13,3816.97
2021-09-17,0.05,1.5,5.15,1.731,5.2895,786.64,3830.0
2021-09-20,0.05,1.5,5.15,1.733,5.3253,788.4,3842.8
2021-09-21,0.05,1.5,5.15,1.734,5.2733,786.28,3838.39
2021-09-22,0.05,1.5,5.15,1.735,5.2897,787.85,3832.01
2021-09-23,0.05,1.5,6.15,1.735,5.3038,785.5,3833.42
2021-09-24,0.05,1.5,6.15,1.738,5.3345,793.04,3837.65
2021-09-27,0.05,1.5,6.15,1.741,5.3911,794.28,3843.52
2021-09-28,0.05,1.5,6.15,1.743,5.4295,801.75,3834.9
2021-09-29,0.05,1.5,6.15,1.744,5.4149,809.9,3839.97
2021-09-30,0.05,1.5,6.15,1.745,5.4429,810.06,3807.8
2021-10-01,0.05,1.5,6.15,1.973,5.3643,803.35,3793.38
2021-10-04,0.05,1.5,6.15,1.979,5.4549,806.05,3795.4
2021-10-05,0.05,1.5,6.15,1.98,5.4761,811.45,3785.05
2021-10-06,0.05,1.5,6.15,1.976,5.4923,814.5,3787.56
2021-10-07,0.05,1.5,6.15,1.975,5.5188,813.63,3774.5
2021-10-08,0.05,1.5,6.15,1.962,5.5085,824.06,3766.81
2021-10-11,0.05,1.5,6.15,1.965,5.5391,813.73,3761.39
2021-10-12,0.05,1.5,6.15,1.959,5.5396,822.5,3721.18
2021-10-13,0.05,2.75,6.15,1.969,5.5154,816.07,3744.4
2021-10-14,0.05,2.75,6.15,1.973,5.5134,825.52,3771.35
2021-10-15,0.05,2.75,6.15,1.977,5.4616,823.7,3767.47
2021-10-18,0.05,2.75,6.15,1.977,5.5122,817.78,3770.62
2021-10-19,0.03,2.75,6.15,1.978,5.5846,811.24,3767.2
2021-10-20,0.03,2.75,6.15,1.961,5.5982,813.35,3767.56
2021-10-21,0.03,2.75,6.15,1.959,5.659,817.69,3780.25
2021-10-22,0.05,2.75,6.15,1.961,5.65,815.97,3774.11
2021-10-25,0.04,2.75,6.15,1.955,5.556,808.08,3767.8
2021-10-26,0.05,2.75,6.15,1.962,5.5661,804.17,3769.23
2021-10-27,0.05,2.75,6.15,1.967,5.5392,804.95,3759.45
2021-10-28,0.05,2.75,7.65,1.972,5.6458,806.03,3777.75
2021-10-29,0.05,2.75,7.65,1.966,5.6364,814.5,3767.37
2021-11-02,0.05,2.75,7.65,2.445,5.5511,812.7,3795.98
2021-11-03,0.05,2.75,7.65,2.454,5.5533,812.75,3834.24
2021-11-04,0.05,2.75,7.65,2.458,5.6035,814.31,3869.34
2021-11-05,0.05,2.75,7.65,2.451,5.5423,811.55,3878.85
2021-11-08,0.05,2.75,7.65,2.45,5.5423,802.58,3876.38
2021-11-09,0.05,2.75,7.65,2.448,5.4857,792.15,3862.9
2021-11-10,0.05,2.75,7.65,2.457,5.4978,795.25,3881.91
2021-11-11,0.05,2.75,7.65,2.465,5.4046,794.3,3878.63
2021-11-12,0.05,2.75,7.65,2.464,5.4564,801.07,3884.63
2021-11-16,0.05,2.75,7.65,2.465,5.4976,812.03,3895.34
2021-11-17,0.05,2.75,7.65,2.456,5.5242,829.32,3918.43
2021-11-18,0.05,2.75,7.65,2.465,5.566,832.3,3925.4
2021-11-19,0.05,2.75,7.65,2.465,5.6102,829.9,3916.18
2021-11-22,0.05,2.75,7.65,2.469,5.5964,811.95,3894.82
2021-11-23,0.05,2.75,7.65,2.451,5.5908,812.63,3949.88
2021-11-24,0.05,2.75,7.65,2.468,5.6015,814.77,3975.13
2021-11-25,0.05,2.75,7.65,2.473,5.5632,821.33,3984.3
2021-11-26,0.05,2.75,7.65,2.477,5.6032,831.79,4015.7
2021-11-29,0.05,2.75,7.65,2.475,5.6081,842.5,4035.59
2021-11-30,0.05,2.75,7.65,2.473,5.6237,829.25,3962.76
2021-12-01,0.05,2.75,7.65,2.47,5.6808,838.8,3971.56
2021-12-02,0.05,2.75,7.65,2.467,5.6393,837.8,3938.27
2021-12-03,0.05,2.75,7.65,2.467,5.6527,841.25,3967.44
2021-12-06,0.05,2.75,7.65,2.474,5.686,846.53,3932.17
2021-12-07,0.05,2.75,7.65,2.467,5.6097,839.28,3910.65
2021-12-08,0.05,2.75,7.65,2.467,5.5301,840.95,3905.56
2021-12-09,0.05,2.75,9.15,2.467,5.5802,848.25,3903.02
2021-12-10,0.05,2.75,9.15,2.465,5.609,842.25,3901.3
2021-12-13,0.05,2.75,9.15,2.465,5.676,841.63,3890.83
2021-12-14,0.05,4.0,9.15,2.459,5.6895,843.7,4003.09
2021-12-15,0.05,4.0,9.15,2.459,5.6853,851.65,4000.1
2021-12-16,0.05,4.0,9.15,2.457,5.6873,846.95,4019.45
2021-12-17,0.05,4.0,9.15,2.454,5.6859,844.77,4028.13
2021-12-20,0.04,4.0,9.15,2.918,5.7378,875.18,4007.16
2021-12-21,0.05,4.0,9.15,2.905,5.7449,870.65,4001.07
2021-12-22,0.05,4.0,9.15,2.908,5.6603,861.05,3999.62
2021-12-23,0.05,4.0,9.15,2.912,5.6772,859.23,3998.88
2021-12-24,0.05,4.0,9.15,2.915,5.655,865.05,3993.43
2021-12-27,0.05,4.0,9.15,2.916,5.6316,857.5,3999.42
2021-12-28,0.05,4.0,9.15,2.914,5.6275,856.13,4011.35
2021-12-29,0.05,4.0,9.15,2.913,5.6932,848.95,4038.04
2021-12-30,0.05,4.0,9.15,2.905,5.5697,852.0,4080.32
2022-01-03,0.05,4.0,9.15,2.914,5.6751,851.65,4061.8
2022-01-04,0.05,4.0,9.15,2.897,5.6852,847.63,4081.55
2022-01-05,0.05,4.0,9.15,2.911,5.7161,837.43,4024.35
2022-01-06,0.05,4.0,9.15,2.914,5.6856,837.25,4033.05
2022-01-07,0.05,4.0,9.15,2.916,5.6342,828.65,4051.08
2022-01-10,0.05,4.0,9.15,2.916,5.6701,835.92,4051.98
2022-01-11,0.05,4.0,9.15,2.916,5.573,828.85,3993.25
2022-01-12,0.05,4.0,9.15,2.916,5.5203,823.53,3974.38
2022-01-13,0.05,4.0,9.15,2.917,5.5289,817.7,3967.85
2022-01-14,0.05,4.0,9.15,2.922,5.528,819.75,4004.03
2022-01-17,0.05,4.0,9.15,2.931,5.523,822.8,4007.11
2022-01-18,0.05,4.0,9.15,2.967,5.5681,819.07,4038.09
2022-01-19,0.05,4.0,9.15,2.944,5.4461,809.6,3995.04
2022-01-20,0.04,4.0,9.15,2.952,5.4372,802.25,3977.23
2022-01-21,0.05,4.0,9.15,2.937,5.4515,798.15,3955.38
2022-01-24,0.04,4.0,9.15,2.932,5.4909,807.9,3977.05
2022-01-25,0.05,4.0,9.15,2.928,5.4412,800.05,3970.77
2022-01-26,0.04,5.5,9.15,2.93,5.4423,801.75,3930.4
2022-01-27,0.04,5.5,9.15,2.929,5.4105,806.07,3963.65
2022-01-28,0.05,5.5,9.15,2.93,5.3818,813.22,3957.0
2022-01-31,0.05,5.5,9.15,3.875,5.3102,800.62,3947.01
2022-02-01,0.05,5.5,9.15,3.881,5.2689,803.25,3925.51
2022-02-02,0.05,5.5,9.15,3.883,5.2656,811.38,3932.49
2022-02-03,0.05,5.5,10.65,3.886,5.2874,818.25,3954.19
2022-02-04,0.05,5.5,10.65,3.885,5.3259,827.75,3955.68
2022-02-07,0.05,5.5,10.65,3.886,5.2556,824.8,3965.25
2022-02-08,0.05,5.5,10.65,3.88,5.2586,827.64,3948.21
2022-02-09,0.04,5.5,10.65,3.884,5.2347,812.91,3939.78
2022-02-10,0.05,5.5,10.65,3.884,5.2497,805.65,3920.2
2022-02-11,0.05,5.5,10.65,3.878,5.249,808.65,3930.02
2022-02-14,0.05,5.5,10.65,3.878,5.2189,813.63,3944.5
2022-02-15,0.05,5.5,10.65,3.876,5.1692,801.53,3951.85
2022-02-16,0.05,5.5,10.65,3.876,5.1293,799.53,3963.52
2022-02-17,0.05,5.5,10.65,3.869,5.1697,795.67,3932.55
2022-02-18,0.05,5.5,10.65,3.873,5.1388,801.8,3930.74
2022-02-21,0.05,5.5,10.65,3.878,5.1064,798.75,3938.31
2022-02-22,0.05,5.5,10.65,3.883,5.0598,793.04,3930.57
2022-02-23,0.05,5.5,10.65,3.878,5.0065,790.18,3912.9
2022-02-24,0.05,5.5,10.65,3.886,5.1184,819.38,3926.61
2022-02-25,0.05,5.5,10.65,3.877,5.1522,802.25,3913.0
2022-02-28,0.05,5.5,10.65,3.869,5.1929,798.58,3937.94
2022-03-01,0.05,5.5,10.65,3.866,4.9633,807.47,3884.13
2022-03-02,0.05,5.5,10.65,3.871,5.102,805.05,3836.48
2022-03-03,0.05,5.5,10.65,3.872,5.0273,796.25,3756.42
2022-03-04,0.05,5.5,10.65,3.87,5.0648,805.63,3826.49
2022-03-07,0.05,5.5,10.65,3.873,5.0976,813.16,3812.31
2022-03-08,0.05,5.5,10.65,3.88,5.0643,810.35,3771.85
2022-03-09,0.05,5.5,10.65,3.876,5.0117,804.83,3742.9
2022-03-10,0.05,5.5,10.65,3.863,5.0188,803.25,3817.75
2022-03-11,0.05,5.5,10.65,3.835,5.075,804.65,3819.95
2022-03-14,0.05,5.5,10.65,3.813,5.1195,813.13,3798.66
2022-03-15,0.05,5.5,10.65,3.732,5.1637,811.05,3831.95
2022-03-16,0.05,5.5,10.65,3.819,5.0781,799.46,3836.3
2022-03-17,0.3,5.5,11.65,3.869,5.0393,799.85,3825.15
2022-03-18,0.3,5.5,11.65,3.87,5.0233,804.0,3817.04
2022-03-22,0.28,5.5,11.65,3.872,4.9103,792.85,3761.61
2022-03-23,0.27,5.5,11.65,3.872,4.8267,793.05,3784.82
2022-03-24,0.27,5.5,11.65,3.876,4.8268,788.36,3788.23
2022-03-25,0.28,5.5,11.65,3.876,4.7429,778.1,3794.11
2022-03-28,0.28,5.5,11.65,3.871,4.7657,778.96,3786.88
2022-03-29,0.28,7.0,11.65,3.844,4.7578,779.9,3756.11
2022-03-30,0.27,7.0,11.65,3.857,4.7715,789.05,3757.46
2022-03-31,0.29,7.0,11.65,3.877,4.7417,786.05,3771.05
2022-04-01,0.3,7.0,11.65,4.81,4.6592,782.42,3754.66
2022-04-04,0.3,7.0,11.65,4.812,4.5928,779.6,3706.02
2022-04-05,0.3,7.0,11.65,4.806,4.6517,786.74,3741.1
2022-04-06,0.3,7.0,11.65,4.806,4.716,800.03,3750.45
2022-04-07,0.3,7.0,11.65,4.791,4.7536,805.93,3769.5
2022-04-08,0.3,7.0,11.65,4.791,4.6988,814.7,3754.0
2022-04-11,0.3,7.0,11.65,4.79,4.6967,817.33,3739.07
2022-04-12,0.29,7.0,11.65,4.788,4.675,805.88,3732.73
2022-04-13,0.29,7.0,11.65,4.803,4.691,805.65,3723.0
2022-04-14,0.29,7.0,11.65,4.803,4.7014,816.55,3721.5
2022-04-18,0.29,7.0,11.65,4.808,4.6531,816.92,3733.42
2022-04-19,0.28,7.0,11.65,4.812,4.6681,820.08,3749.82
2022-04-20,0.27,7.0,11.65,4.815,4.6221,814.55,3760.66
2022-04-21,0.26,7.0,11.65,4.82,4.7543,825.55,3766.66
2022-04-22,0.27,7.0,11.65,4.82,4.7961,836.76,3857.75
2022-04-25,0.27,7.0,11.65,4.812,4.877,844.95,3933.44
2022-04-26,0.27,7.0,11.65,4.803,4.9981,843.43,3942.93
2022-04-27,0.28,7.0,11.65,4.806,4.9665,847.81,3955.54
2022-04-28,0.28,7.0,11.65,4.815,4.9418,857.28,3981.27
2022-04-29,0.28,7.0,11.65,4.821,4.9721,851.0,3960.95
2022-05-02,0.3,7.0,11.65,5.753,5.085,860.81,4010.02
2022-05-03,0.3,7.0,11.65,5.758,4.961,855.47,4029.27
2022-05-04,0.3,7.0,11.65,5.753,4.921,854.75,4066.36
2022-05-05,0.79,8.25,12.65,5.746,5.0288,860.83,4083.04
2022-05-06,0.78,8.25,12.65,5.731,5.0793,858.99,4053.93
2022-05-09,0.78,8.25,12.65,5.73,5.1608,868.55,4091.11
2022-05-10,0.78,8.25,12.65,5.701,5.1339,867.0,4074.07
2022-05-11,0.78,8.25,12.65,5.72,5.1378,862.2,4086.02
2022-05-12,0.79,8.25,12.65,5.716,5.1348,862.5,4110.69
2022-05-13,0.79,8.25,12.65,5.738,5.061,860.7,4109.88
2022-05-16,0.8,8.25,12.65,5.744,5.0609,857.76,4058.19
2022-05-17,0.8,8.25,12.65,5.747,4.9387,851.35,4029.43
2022-05-18,0.79,8.25,12.65,5.748,4.9688,853.9,4071.49
2022-05-19,0.79,8.25,12.65,5.75,4.9296,837.33,4053.3
2022-05-20,0.78,8.25,12.65,5.751,4.8801,836.09,3971.78
2022-05-23,0.78,8.25,12.65,5.75,4.8141,830.47,3977.52
2022-05-24,0.78,8.25,12.65,5.751,4.8197,830.6,3976.17
2022-05-25,0.78,8.25,12.65,5.752,4.8264,831.78,3936.63
2022-05-26,0.78,8.25,12.65,5.752,4.7693,823.05,3922.0
2022-05-27,0.78,8.25,12.65,5.755,4.7306,825.3,3932.59
2022-05-31,0.79,8.25,12.65,5.754,4.7336,823.88,3772.1
2022-06-01,0.8,8.25,12.65,5.766,4.8161,824.25,3799.92
2022-06-02,0.79,8.25,12.65,5.771,4.7974,813.05,3773.9
2022-06-03,0.78,8.25,12.65,5.772,4.7739,811.5,3788.32
2022-06-06,0.78,8.25,12.65,5.777,4.7946,821.59,3795.43
2022-06-07,0.77,9.0,12.65,5.787,4.8709,827.4,3784.8
2022-06-08,0.76,9.0,12.65,5.777,4.8989,821.84,3807.14
2022-06-09,0.75,9.0,12.65,5.779,4.9071,824.8,3850.67
2022-06-10,0.75,9.0,12.65,5.78,4.9876,845.5,3940.95
2022-06-13,0.73,9.0,12.65,5.789,5.116,861.35,3970.75
2022-06-14,0.69,9.0,12.65,5.775,5.1174,868.5,3967.8
2022-06-15,0.7,9.0,12.65,5.754,5.0552,857.02,3892.35
2022-06-16,1.45,9.0,12.65,5.759,5.0421,866.58,3900.17
2022-06-17,1.45,9.0,13.15,5.765,5.1538,875.4,3902.05
2022-06-21,1.45,9.0,13.15,5.764,5.1263,883.58,4023.94
2022-06-22,1.45,9.0,13.15,5.762,5.1953,888.47,4019.47
2022-06-23,1.44,9.0,13.15,5.762,5.24,904.72,4108.38
2022-06-24,1.46,9.0,13.15,5.768,5.2427,918.5,4138.38
2022-06-28,1.52,9.0,13.15,5.767,5.2687,911.7,4096.76
2022-06-29,1.51,9.0,13.15,5.767,5.182,924.83,4115.65
2022-06-30,1.5,9.0,13.15,5.747,5.2568,918.08,4155.11
2022-07-01,1.52,9.0,13.15,7.129,5.3319,931.13,4198.39
2022-07-04,1.52,9.0,13.15,7.129,5.3283,927.55,4188.58
2022-07-05,1.54,9.0,13.15,7.139,5.3878,951.0,4278.88
2022-07-06,1.54,9.0,13.15,7.142,5.4275,971.65,4352.71
2022-07-07,1.54,9.0,13.15,7.145,5.3421,951.1,4395.35
2022-07-08,1.53,9.0,13.15,7.137,5.2555,969.75,4420.75
2022-07-11,1.53,9.0,13.15,7.138,5.3785,992.25,4575.04
2022-07-12,1.54,9.0,13.15,7.14,5.4383,1016.25,4626.8
2022-07-13,1.53,9.75,13.15,7.138,5.3927,1008.0,4490.4
2022-07-14,1.53,9.75,13.15,7.139,5.4245,1048.5,4493.45
2022-07-15,1.54,9.75,13.15,7.13,5.4075,974.01,4361.45
2022-07-18,1.54,9.75,13.15,7.115,5.4373,947.49,4308.83
2022-07-19,1.54,9.75,13.15,7.122,5.4142,925.87,4321.85
2022-07-21,1.53,9.75,13.15,7.134,5.4985,926.5,4424.39
2022-07-22,1.52,9.75,13.15,7.135,5.498,955.45,4464.5
2022-07-25,1.53,9.75,13.15,7.117,5.3572,936.5,4466.98
2022-07-26,1.53,9.75,13.15,7.129,5.3513,924.7,4446.58
2022-07-27,1.53,9.75,13.15,7.11,5.2441,910.0,4422.08
2022-07-28,2.28,9.75,13.15,7.095,5.1826,909.75,4372.02
2022-07-29,2.27,9.75,13.15,7.083,5.1733,900.24,4295.52
2022-08-01,2.28,9.75,13.15,8.503,5.1866,891.95,4269.95
2022-08-02,2.3,9.75,13.15,8.507,5.2793,907.63,4325.2
2022-08-03,2.29,9.75,13.15,8.512,5.284,911.13,4307.25
2022-08-04,2.29,9.75,13.65,8.51,5.2133,902.3,4289.45
2022-08-05,2.28,9.75,13.65,8.509,5.1639,916.9,4348.02
2022-08-08,2.28,9.75,13.65,8.511,5.1129,905.63,4316.9
2022-08-09,2.29,9.75,13.65,8.506,5.1249,903.88,4349.51
2022-08-10,2.28,9.75,13.65,8.506,5.0943,888.53,4273.0
2022-08-11,2.28,9.75,13.65,8.504,5.1568,884.67,4228.19
2022-08-12,2.28,9.75,13.65,8.5,5.0745,876.05,4160.1
2022-08-16,2.29,9.75,13.65,8.509,5.1479,880.75,4247.59
2022-08-17,2.29,9.75,13.65,8.506,5.1663,897.72,4345.24
2022-08-18,2.28,9.75,13.65,8.512,5.169,929.6,4389.88
2022-08-19,2.28,9.75,13.65,8.514,5.1703,944.76,4377.35
2022-08-22,2.28,9.75,13.65,8.516,5.157,941.69,4397.12
2022-08-23,2.27,9.75,13.65,8.51,5.1052,916.75,4357.39
2022-08-24,2.27,9.75,13.65,8.512,5.1107,921.38,4409.25
2022-08-25,2.28,9.75,13.65,8.514,5.1098,897.19,4393.1
2022-08-26,2.28,9.75,13.65,8.512,5.0637,892.45,4403.95
2022-08-29,2.28,9.75,13.65,8.506,5.0291,884.75,4369.2
2022-08-30,2.29,9.75,13.65,8.498,5.122,886.13,4421.52
2022-08-31,2.29,9.75,13.65,8.504,5.1839,896.0,4429.17
2022-09-01,2.29,9.75,13.65,8.511,5.2424,895.75,4486.85
2022-09-02,2.29,9.75,13.65,8.503,5.1701,876.5,4482.63
2022-09-05,2.29,9.75,13.65,8.511,5.1532,881.7,4474.55
2022-09-06,2.29,10.75,13.65,8.512,5.2512,892.9,4478.55
2022-09-07,2.28,10.75,13.65,8.502,5.2357,885.58,4404.47
2022-09-08,2.28,10.75,13.65,8.503,5.2152,880.93,4397.19
2022-09-09,2.28,10.75,13.65,8.502,5.1474,909.5,4353.27
2022-09-12,2.28,10.75,13.65,8.496,5.0921,898.33,4359.58
2022-09-13,2.28,10.75,13.65,8.481,5.1909,917.55,4412.0
2022-09-14,2.27,10.75,13.65,8.493,5.164,919.4,4386.49
2022-09-15,2.28,10.75,13.65,8.506,5.2472,923.75,4418.66
2022-09-16,2.27,10.75,13.65,8.51,5.2501,923.75,4435.9
2022-09-19,2.27,10.75,13.65,8.511,5.1691,926.63,4406.2
2022-09-20,2.26,10.75,13.65,8.516,5.1433,933.9,4423.8
2022-09-21,2.25,10.75,13.65,8.523,5.173,935.4,4403.75
2022-09-22,2.99,10.75,13.65,8.529,5.1168,944.7,4367.91
2022-09-23,2.99,10.75,13.65,8.537,5.2622,970.55,4448.02
2022-09-26,2.99,10.75,13.65,8.519,5.3905,992.0,4544.03
2022-09-27,2.98,10.75,13.65,8.509,5.3805,987.33,4559.81
2022-09-28,2.98,10.75,13.65,8.514,5.3746,956.38,4487.17
2022-09-29,2.96,10.75,13.65,8.514,5.4001,964.7,4530.47
2022-09-30,2.98,10.75,13.65,9.402,5.4155,968.69,4608.75
2022-10-03,3.0,10.75,13.65,9.413,5.1687,938.13,4530.05
2022-10-04,3.04,10.75,13.65,9.425,5.1778,931.75,4498.52
2022-10-05,3.04,10.75,13.65,9.428,5.1958,940.13,4582.2
2022-10-06,3.05,10.75,13.65,9.426,5.2224,943.95,4609.27
2022-10-07,3.05,10.75,13.65,9.429,5.2034,938.5,4622.88
2022-10-10,3.05,10.75,13.65,9.431,5.1908,952.98,4606.02
2022-10-11,3.05,10.75,13.65,9.431,5.3022,928.35,4607.25
2022-10-12,3.04,11.25,13.65,9.433,5.2521,943.9,4607.33
2022-10-13,3.04,11.25,13.65,9.445,5.2631,938.25,4575.7
2022-10-14,3.04,11.25,13.65,9.441,5.3257,962.63,4698.5
2022-10-17,3.05,11.25,13.65,9.441,5.2826,972.45,4685.92
2022-10-18,3.04,11.25,13.65,9.443,5.2412,970.25,4766.05
2022-10-19,3.04,11.25,13.65,9.443,5.2721,974.75,4841.75
2022-10-20,3.03,11.25,13.65,9.443,5.2147,978.8,4906.8
2022-10-21,3.02,11.25,13.65,9.428,5.1631,971.9,4915.58
2022-10-24,3.01,11.25,13.65,9.435,5.3025,985.89,4990.7
2022-10-25,3.02,11.25,13.65,9.431,5.3175,963.58,4976.25
2022-10-26,3.03,11.25,13.65,9.446,5.3813,950.49,4886.46
2022-10-27,3.04,11.25,13.65,9.443,5.342,940.08,4822.41
2022-10-28,3.05,11.25,13.65,9.418,5.2954,942.43,4833.4
2022-10-31,3.05,11.25,13.65,10.285,5.1797,943.4,4940.08
2022-11-01,3.05,11.25,13.65,10.295,5.1468,943.4,5008.67
2022-11-02,3.05,11.25,13.65,10.284,5.2867,942.17,5011.58
2022-11-03,3.8,11.25,13.65,10.283,5.1164,944.92,5075.25
2022-11-04,3.8,11.25,13.65,10.282,5.0592,926.83,5120.15
2022-11-08,3.78,11.25,13.65,10.257,5.1479,905.3,4950.2
2022-11-09,3.78,11.25,13.65,10.273,5.1965,906.75,4878.71
2022-11-10,3.78,11.25,13.65,10.255,5.38,894.05,4801.95
2022-11-11,3.78,11.25,13.65,10.25,5.3264,891.95,4808.95
2022-11-14,3.79,11.25,13.65,10.25,5.3252,892.03,4805.54
2022-11-15,3.8,11.25,13.65,10.278,5.2867,887.15,4858.7
2022-11-16,3.81,11.25,13.65,10.301,5.3925,910.73,4952.85
2022-11-17,3.8,11.25,13.65,10.306,5.4056,920.75,4992.25
2022-11-18,3.8,11.25,13.65,10.281,5.377,941.24,4988.42
2022-11-21,3.8,11.25,13.65,10.299,5.309,942.1,4945.63
2022-11-22,3.8,11.25,13.65,10.288,5.3637,927.22,4905.27
2022-11-23,3.79,11.25,13.65,10.287,5.3496,915.63,4890.2
2022-11-24,3.79,11.25,13.65,10.285,5.3122,910.5,4885.58
2022-11-25,3.8,11.25,13.65,10.256,5.3987,922.99,4866.17
2022-11-28,3.8,11.25,13.65,10.27,5.3657,913.3,4834.51
2022-11-29,3.81,11.25,13.65,10.27,5.2845,903.75,4809.52
2022-11-30,3.82,11.25,13.65,10.247,5.1906,894.0,4834.25
2022-12-01,3.82,11.25,13.65,10.292,5.1916,880.05,4765.75
2022-12-02,3.81,11.25,13.65,10.292,5.219,883.6,4776.65
2022-12-05,3.81,11.25,13.65,10.295,5.283,895.92,4839.85
2022-12-06,3.8,11.25,13.65,10.287,5.2379,879.28,4834.0
2022-12-07,3.8,11.25,13.65,10.283,5.2164,866.66,4827.99
2022-12-09,3.8,11.25,13.65,10.297,5.2471,861.76,4809.6
2022-12-12,3.8,11.25,13.65,10.297,5.2924,867.6,4849.2
2022-12-13,3.8,11.25,13.65,10.297,5.3047,858.86,4763.41
2022-12-14,3.8,11.25,13.65,10.292,5.2899,870.8,4781.17
2022-12-15,4.32,11.25,13.65,10.292,5.3142,878.0,4793.72
2022-12-16,4.32,11.25,13.65,10.292,5.3073,886.9,4787.8
2022-12-19,4.3,11.25,13.65,11.174,5.2992,889.7,4777.12
2022-12-20,4.3,11.25,13.65,11.163,5.2033,886.67,4769.23
2022-12-21,4.3,11.25,13.65,11.167,5.2021,870.13,4770.09
2022-12-22,4.3,11.25,13.65,11.167,5.173,873.5,4761.78
2022-12-23,4.3,11.25,13.65,11.167,5.162,876.75,4737.68
2022-12-26,4.3,11.25,13.65,11.152,5.2199,878.02,4741.75
2022-12-27,4.3,11.25,13.65,11.151,5.2933,871.99,4765.7
2022-12-28,4.3,11.25,13.65,11.148,5.2633,863.1,4774.5
2022-12-29,4.3,11.25,13.65,11.144,5.2804,857.8,4852.5
2023-01-03,4.31,11.25,13.65,11.09,5.4627,859.5,4896.24
2023-01-04,4.3,11.25,13.65,11.099,5.4316,855.61,4929.67
2023-01-05,4.31,11.25,13.65,11.11,5.3529,852.75,4966.75
2023-01-06,4.31,11.25,13.65,11.113,5.225,841.0,4855.48
2023-01-10,4.31,11.25,13.65,11.12,5.2041,828.3,4787.6
2023-01-11,4.3,11.25,13.65,11.126,5.1647,823.5,4733.1
2023-01-12,4.3,11.25,13.65,11.104,5.101,818.5,4685.04
2023-01-13,4.3,11.25,13.65,11.125,5.1034,819.98,4688.68
2023-01-16,4.3,11.25,13.65,11.085,5.1527,822.24,4681.81
2023-01-17,4.31,11.25,13.65,11.099,5.1052,815.58,4734.3
2023-01-18,4.3,11.25,13.65,11.12,5.1815,823.38,4696.9
2023-01-19,4.31,11.25,13.65,11.12,5.1767,826.01,4669.98
2023-01-20,4.3,11.25,13.65,11.121,5.2071,815.15,4585.58
2023-01-23,4.3,11.25,13.65,11.139,5.1959,814.2,4544.55
2023-01-24,4.3,11.25,13.65,11.15,5.1423,801.65,4522.19
2023-01-25,4.31,11.25,13.65,11.161,5.0767,802.49,4538.83
2023-01-26,4.3,11.25,13.65,11.177,5.0702,801.79,4519.0
2023-01-27,4.3,11.25,13.65,11.176,5.1086,806.18,4577.04
2023-01-30,4.3,11.25,13.65,11.846,5.1214,807.66,4654.9
2023-01-31,4.31,11.25,13.65,11.815,5.0757,797.5,4670.86
2023-02-01,4.31,11.25,13.65,11.836,5.052,791.44,4625.24
2023-02-02,4.56,11.25,13.65,11.847,5.0436,779.3,4619.66
2023-02-03,4.55,11.25,13.65,11.838,5.1332,795.9,4697.77
2023-02-06,4.55,11.25,13.65,11.847,5.151,803.63,4786.74
2023-02-07,4.55,11.25,13.65,11.854,5.2048,796.28,4727.5
2023-02-08,4.55,11.25,13.65,11.865,5.2013,800.45,4761.02
2023-02-09,4.55,11.25,13.65,11.868,5.2752,802.3,4736.06
2023-02-10,4.55,11.25,13.65,11.874,5.2138,797.22,4799.67
2023-02-13,4.55,11.25,13.65,11.874,5.1697,792.9,4787.75
2023-02-14,4.55,11.25,13.65,11.889,5.188,785.6,4797.54
2023-02-15,4.55,11.25,13.65,11.887,5.2162,793.5,4925.01
2023-02-16,4.55,11.25,13.65,11.867,5.2198,792.22,4924.13
2023-02-17,4.55,11.25,13.65,11.845,5.1627,789.0,4906.4
2023-02-20,4.55,11.25,13.65,11.852,5.1755,798.25,4913.74
2023-02-21,4.55,11.25,13.65,11.869,5.1755,802.28,4959.95
2023-02-22,4.55,11.25,13.65,11.876,5.1593,798.78,4896.2
2023-02-23,4.55,11.25,13.65,11.87,5.1318,807.4,4857.38
2023-02-24,4.55,11.25,13.65,11.829,5.1997,825.75,4837.13
2023-02-27,4.55,11.25,13.65,11.8,5.2006,832.2,4761.75
2023-02-28,4.55,11.25,13.65,11.695,5.2364,827.05,4862.66
2023-03-01,4.55,11.25,13.65,11.671,5.1805,810.5,4832.35
2023-03-02,4.55,11.25,13.65,11.648,5.2118,812.75,4806.59
2023-03-03,4.55,11.25,13.65,11.675,5.1974,803.78,4784.42
2023-03-06,4.55,11.25,13.65,11.716,5.1587,798.33,4704.96
2023-03-07,4.55,11.25,13.65,11.824,5.1918,803.75,4767.74
2023-03-08,4.55,11.25,13.65,11.723,5.142,803.97,4777.66
2023-03-10,4.55,11.25,13.65,11.587,5.2145,796.9,4713.45
2023-03-13,4.55,11.25,13.65,11.57,5.2469,805.25,4768.17
2023-03-14,4.55,11.25,13.65,11.618,5.2542,801.27,4740.71
2023-03-15,4.58,11.25,13.65,11.65,5.2889,824.1,4844.01
2023-03-16,4.57,11.25,13.65,11.752,5.2311,824.95,4877.04
2023-03-17,4.55,11.25,13.65,11.755,5.2787,829.5,4827.25
2023-03-21,4.55,11.25,13.65,11.755,5.2431,822.3,4803.06
2023-03-22,4.55,11.25,13.65,11.763,5.2389,809.5,4768.04
2023-03-23,4.8,11.25,13.65,11.72,5.2993,806.4,4742.88
2023-03-24,4.8,11.25,13.65,11.748,5.2466,810.28,4735.7
2023-03-27,4.81,11.25,13.65,11.769,5.1992,805.83,4687.87
2023-03-28,4.84,11.25,13.65,11.779,5.1663,797.5,4668.47
2023-03-29,4.83,11.25,13.65,11.829,5.1359,793.83,4614.33
2023-03-30,4.82,11.25,13.65,11.829,5.0948,789.83,4623.09
2023-04-03,4.84,11.25,13.65,12.015,5.0649,808.88,4604.77
2023-04-04,4.83,11.25,13.65,12.048,5.073,808.53,4582.35
2023-04-05,4.81,11.25,13.65,12.057,5.0346,810.53,4568.55
2023-04-10,4.81,11.25,13.65,12.049,5.067,818.75,4556.34
2023-04-11,4.8,11.25,13.65,12.033,5.0068,806.1,4509.46
2023-04-12,4.8,11.25,13.65,12.036,4.9191,803.63,4450.46
2023-04-13,4.8,11.25,13.65,12.023,4.9275,795.0,4418.67
2023-04-14,4.8,11.25,13.65,12.052,4.9088,796.63,4414.93
2023-04-17,4.8,11.25,13.65,12.061,4.9426,800.55,4437.46
2023-04-18,4.8,11.25,13.65,12.064,4.986,795.48,4491.38
2023-04-19,4.8,11.25,13.65,12.064,5.076,794.08,4520.89
2023-04-20,4.8,11.25,13.65,12.064,5.0494,792.95,4537.3
2023-04-21,4.8,11.25,13.65,12.064,5.0093,802.58,4514.3
2023-04-24,4.8,11.25,13.65,12.073,5.0346,813.08,4482.52
2023-04-25,4.8,11.25,13.65,12.081,5.0524,812.2,4477.33
2023-04-26,4.8,11.25,13.65,12.082,5.0457,805.6,4534.0
2023-04-27,4.81,11.25,13.65,12.085,4.9824,802.13,4652.06
2023-04-28,4.81,11.25,13.65,12.086,4.988,807.25,4695.27
2023-05-02,4.81,11.25,13.65,12.29,5.0409,810.23,4694.14
2023-05-03,4.81,11.25,13.65,12.285,4.9945,803.9,4662.52
2023-05-04,5.06,11.25,13.65,12.285,4.984,798.5,4602.98
2023-05-05,5.06,11.25,13.65,12.284,4.951,794.38,4524.86
2023-05-08,5.06,11.25,13.65,12.286,5.0097,797.35,4508.6
2023-05-09,5.06,11.25,13.65,12.277,4.9864,789.1,4556.24
2023-05-10,5.06,11.25,13.65,12.286,4.9446,788.2,4547.33
2023-05-11,5.05,11.25,13.65,12.285,4.9315,793.95,4567.13
2023-05-12,5.05,11.25,13.65,12.288,4.9214,785.0,4552.89
2023-05-15,5.06,11.25,13.65,12.288,4.8913,786.4,4492.5
2023-05-16,5.05,11.25,13.65,12.288,4.9409,799.33,4526.18
2023-05-17,5.05,11.25,13.65,12.288,4.9374,793.58,4505.75
2023-05-18,5.05,11.25,13.65,12.3,4.9653,795.66,4520.41
2023-05-19,5.05,11.25,13.65,12.314,4.9982,798.64,4531.19
2023-05-23,5.05,11.25,13.65,12.318,4.9721,802.7,4478.25
2023-05-24,5.05,11.25,13.65,12.308,4.9604,807.3,4447.98
2023-05-25,5.06,11.25,13.65,12.313,5.0415,808.51,4489.13
2023-05-26,5.06,11.25,13.65,12.353,4.9947,798.99,4445.77
2023-05-29,5.06,11.25,13.65,12.325,5.0177,805.79,4431.25
2023-05-30,5.06,11.25,13.65,12.313,5.0376,804.84,4392.75
2023-05-31,5.08,11.25,13.65,12.313,5.0556,809.53,4451.11
2023-06-01,5.08,11.25,13.65,12.34,5.0138,803.35,4396.88
2023-06-02,5.07,11.25,13.65,12.309,4.9586,799.25,4349.6
2023-06-05,5.06,11.25,13.65,12.309,4.9331,799.53,4281.15
2023-06-06,5.05,11.25,13.65,12.271,4.9115,796.22,4228.0
2023-06-07,5.05,11.25,13.65,12.282,4.9263,791.6,4209.54
2023-06-08,5.05,11.25,13.65,12.282,4.8482,787.17,4170.58
2023-06-09,5.05,11.25,13.65,12.287,4.8811,788.59,4170.08
2023-06-13,5.05,11.25,13.65,12.305,4.8634,803.58,4195.05
2023-06-14,5.05,11.25,13.65,12.32,4.811,801.25,4172.51
2023-06-15,5.06,11.25,13.65,12.327,4.8137,793.85,4153.36
2023-06-16,5.05,11.25,13.65,12.344,4.8232,794.5,4162.25
2023-06-20,5.05,11.25,13.65,12.326,4.7881,803.85,4161.11
2023-06-21,5.05,11.25,13.65,12.324,4.7638,803.97,4146.48
2023-06-22,5.05,11.25,13.65,12.289,4.7697,804.45,4101.45
2023-06-23,5.05,11.25,13.65,12.288,4.7849,806.6,4187.48
2023-06-26,5.05,11.25,13.65,12.272,4.7688,806.26,4172.82
2023-06-27,5.05,11.25,13.65,12.272,4.8125,797.77,4170.0
2023-06-28,5.06,11.25,13.65,12.272,4.8499,800.45,4146.6
2023-06-29,5.06,11.25,13.65,12.274,4.8564,803.45,4166.01
2023-06-30,5.09,11.25,13.65,12.27,4.7854,802.25,4171.7
2023-07-04,5.06,11.25,13.65,12.261,4.8405,798.61,4140.0
2023-07-05,5.06,11.25,13.65,12.265,4.8498,796.93,4137.63
2023-07-06,5.06,11.25,13.65,12.275,4.9179,803.03,4188.39
2023-07-07,5.06,11.25,13.65,12.265,4.8719,808.38,4155.0
2023-07-10,5.06,11.25,13.65,12.27,4.8991,813.38,4163.0
2023-07-11,5.06,11.25,13.65,12.272,4.8538,815.73,4183.62
2023-07-12,5.05,11.25,13.65,12.27,4.8205,811.63,4127.82
2023-07-13,5.06,11.25,13.65,12.275,4.8018,810.79,4096.17
2023-07-14,5.05,11.25,13.65,12.277,4.7888,814.7,4071.52
2023-07-17,5.06,11.25,13.65,12.286,4.8092,817.63,4039.11
2023-07-18,5.06,11.25,13.65,12.275,4.8134,814.65,3996.45
2023-07-19,5.05,11.25,13.65,12.301,4.7921,807.44,3977.0
2023-07-21,5.05,11.25,13.65,12.312,4.7824,822.8,3955.2
2023-07-24,5.05,11.25,13.65,12.315,4.7299,828.75,3949.3
2023-07-25,5.06,11.25,13.65,12.32,4.7537,828.68,3959.36
2023-07-26,5.06,11.25,13.65,12.306,4.7382,823.38,3943.95
2023-07-27,5.31,11.25,13.65,12.275,4.7436,829.78,3934.65
2023-07-28,5.3,10.25,13.65,12.272,4.7322,829.25,3916.0
2023-07-31,5.31,10.25,13.65,12.261,4.7259,838.75,3891.2
2023-08-01,5.31,10.25,13.65,12.284,4.7916,840.6,3955.84
2023-08-02,5.3,10.25,13.65,12.286,4.8104,849.47,4057.05
2023-08-03,5.3,10.25,13.15,12.303,4.9161,851.75,4156.25
2023-08-04,5.3,10.25,13.15,12.277,4.8756,852.17,4065.52
2023-08-08,5.3,10.25,13.15,12.287,4.8984,862.78,4078.52
2023-08-09,5.3,10.25,13.15,12.29,4.9042,861.79,4016.23
2023-08-10,5.3,10.25,13.15,12.296,4.8925,845.95,3951.98
2023-08-11,5.3,10.25,13.15,12.298,4.9078,859.35,3968.88
2023-08-14,5.3,10.25,13.15,12.276,4.9615,854.6,4035.1
2023-08-15,5.3,10.25,13.15,12.278,4.9837,857.15,4087.63
2023-08-16,5.3,10.25,13.15,12.306,4.9917,869.38,4131.48
2023-08-17,5.3,10.25,13.15,12.317,4.9766,867.85,4100.21
2023-08-18,5.3,10.25,13.15,12.322,4.9703,868.9,4130.84
2023-08-22,5.3,10.25,13.15,12.305,4.9382,869.13,4110.38
2023-08-23,5.3,10.25,13.15,12.338,4.8576,855.97,4085.23
2023-08-24,5.3,10.25,13.15,12.345,4.8833,844.3,4087.98
2023-08-25,5.3,10.25,13.15,12.328,4.8744,845.2,4127.58
2023-08-28,5.3,10.25,13.15,12.255,4.8733,855.5,4110.88
2023-08-29,5.3,10.25,13.15,12.228,4.855,858.15,4099.87
2023-08-30,5.3,10.25,13.15,12.25,4.8885,851.92,4091.73
2023-08-31,5.31,10.25,13.15,12.254,4.955,852.29,4095.81
2023-09-01,5.31,10.25,13.15,12.282,4.9497,851.68,4064.0
2023-09-04,5.31,10.25,13.15,12.3,4.938,858.58,4052.75
2023-09-05,5.31,9.5,13.15,12.258,4.971,874.58,4084.0
2023-09-06,5.3,9.5,13.15,12.275,4.9787,873.13,4074.4
2023-09-07,5.31,9.5,13.15,12.285,4.9446,884.64,4038.93
2023-09-08,5.3,9.5,13.15,12.262,4.9856,896.25,4023.5
2023-09-11,5.3,9.5,13.15,12.216,4.9309,892.34,3989.61
2023-09-12,5.3,9.5,13.15,12.167,4.9482,894.22,3983.74
2023-09-13,5.3,9.5,13.15,12.215,4.9163,882.65,3950.23
2023-09-14,5.3,9.5,13.15,12.251,4.8707,889.05,3920.54
2023-09-15,5.31,9.5,13.15,12.282,4.8647,884.65,3924.17
2023-09-18,5.31,9.5,13.15,12.288,4.8549,884.64,3926.35
2023-09-19,5.31,9.5,13.15,12.274,4.867,884.64,3911.24
2023-09-20,5.3,9.5,13.15,12.307,4.8798,882.08,3916.77
2023-09-21,5.3,9.5,12.65,12.323,4.9351,888.54,3924.0
2023-09-22,5.3,9.5,12.65,12.31,4.9367,893.26,3978.84
2023-09-25,5.31,9.5,12.65,12.266,4.9636,902.15,4052.08
2023-09-26,5.31,9.5,12.65,12.263,4.9906,903.9,4064.2
2023-09-27,5.32,9.5,12.65,12.291,5.0442,910.75,4093.75
2023-09-28,5.31,9.5,12.65,12.287,5.033,906.75,4075.77
2023-09-29,5.31,9.5,12.65,12.287,5.0341,891.53,4067.88
2023-10-02,5.32,9.5,12.65,12.295,5.0622,908.51,4158.75
2023-10-03,5.33,9.5,12.65,12.29,5.1677,916.98,4217.5
2023-10-04,5.32,9.5,12.65,12.29,5.1579,915.3,4264.25
2023-10-05,5.32,9.5,12.65,12.313,5.1683,913.75,4349.5
2023-10-06,5.31,9.5,12.65,12.315,5.146,918.74,4339.4
2023-10-09,5.31,9.5,12.65,12.29,5.1375,926.26,4317.6
2023-10-10,5.31,9.5,12.65,12.274,5.0544,930.47,4229.44
2023-10-11,5.31,9.5,12.65,12.283,5.0504,928.52,4229.66
2023-10-12,5.31,9.5,12.65,12.288,5.0653,938.95,4224.77
2023-10-13,5.31,9.5,12.65,12.285,5.0786,940.0,4237.16
2023-10-17,5.31,9.5,12.65,12.285,5.0387,937.7,4192.0
2023-10-18,5.3,9.5,12.65,12.285,5.0591,942.76,4236.7
2023-10-19,5.3,9.5,12.65,12.298,5.0653,939.85,4229.78
2023-10-20,5.3,9.5,12.65,12.312,5.0343,941.83,4225.28
2023-10-23,5.3,9.5,12.65,12.326,5.0127,934.0,4225.03
2023-10-24,5.3,9.5,12.65,12.335,4.9921,928.13,4217.31
2023-10-25,5.3,9.5,12.65,12.307,4.9955,925.37,4195.28
2023-10-26,5.31,9.0,12.65,12.298,4.9879,933.18,4128.66
2023-10-27,5.31,9.0,12.65,12.269,5.0143,926.26,4108.29
2023-10-30,5.31,9.0,12.65,12.262,5.0448,907.5,4066.04
2023-10-31,5.35,9.0,12.65,12.23,5.0381,897.38,4119.25
2023-11-01,5.32,9.0,12.65,12.221,4.9555,895.0,4105.54
2023-11-02,5.33,9.0,12.65,12.25,4.9002,888.51,4046.5
2023-11-03,5.32,9.0,12.15,12.276,4.9032,875.23,3977.38
2023-11-07,5.32,9.0,12.15,12.293,4.8791,886.28,4014.48
2023-11-08,5.32,9.0,12.15,12.287,4.9096,903.53,4080.5
2023-11-09,5.32,9.0,12.15,12.287,4.9395,912.53,4025.69
2023-11-10,5.32,9.0,12.15,12.295,4.9095,913.25,4035.0
2023-11-14,5.32,9.0,12.15,12.312,4.8649,891.51,3968.75
2023-11-15,5.32,9.0,12.15,12.322,4.9002,887.75,4022.5
2023-11-16,5.32,9.0,12.15,12.31,4.8685,881.25,4091.27
2023-11-17,5.32,9.0,12.15,12.321,4.9098,885.0,4092.48
2023-11-20,5.31,9.0,12.15,12.286,4.8544,875.85,4036.14
2023-11-21,5.31,9.0,12.15,12.301,4.8992,870.13,4072.5
2023-11-22,5.31,9.0,12.15,12.326,4.9083,874.88,4070.25
2023-11-23,5.31,9.0,12.15,12.311,4.9038,876.14,4067.35
2023-11-24,5.32,9.0,12.15,12.305,4.9021,869.05,4039.62
2023-11-27,5.32,9.0,12.15,12.268,4.8988,872.15,3976.94
2023-11-28,5.32,9.0,12.15,12.264,4.8711,868.33,3953.98
2023-11-29,5.31,9.0,12.15,12.264,4.906,867.98,3992.32
2023-11-30,5.33,9.0,12.15,12.256,4.9195,869.72,4035.48
2023-12-01,5.39,9.0,12.15,12.256,4.8828,855.5,3967.85
2023-12-04,5.37,9.0,12.15,12.218,4.9449,869.95,4017.72
2023-12-05,5.33,9.0,12.15,12.171,4.9287,880.35,3998.2
2023-12-06,5.32,9.0,12.15,12.224,4.9026,872.53,4000.4
2023-12-07,5.32,9.0,12.15,12.265,4.9056,870.72,3991.38
2023-12-11,5.32,9.0,12.15,12.25,4.9388,882.13,3985.75
2023-12-12,5.31,9.0,12.15,12.274,4.9663,875.83,3996.19
2023-12-13,5.31,9.0,12.15,12.234,4.9183,876.55,3998.52
2023-12-14,5.31,9.0,11.65,12.173,4.9122,866.05,3967.0
2023-12-15,5.32,9.0,11.65,12.209,4.9438,875.3,3938.0
2023-12-18,5.32,9.0,11.65,12.232,4.9036,871.68,3935.5
2023-12-19,5.31,8.25,11.65,12.19,4.8642,861.7,3935.25
2023-12-20,5.31,8.25,11.65,12.041,4.9146,871.75,3941.62
2023-12-21,5.31,8.25,11.65,12.058,4.8812,880.13,3948.24
2023-12-22,5.32,8.25,11.65,12.028,4.861,889.0,3905.59
2023-12-26,5.35,8.25,11.65,12.056,4.8214,892.92,3858.45
2023-12-27,5.39,8.25,11.65,12.018,4.833,882.75,3829.26
2023-12-28,5.4,8.25,11.65,12.048,4.8572,885.1,3854.92
2024-01-02,5.4,8.25,11.65,12.028,4.9173,885.25,3881.5
2024-01-03,5.39,8.25,11.65,12.058,4.9191,880.18,3920.38
2024-01-04,5.32,8.25,11.65,12.063,4.9011,889.33,3933.5
2024-01-05,5.31,8.25,11.65,12.059,4.8759,890.13,3877.54
2024-01-09,5.31,8.25,11.65,12.061,4.9072,917.73,3939.31
2024-01-10,5.31,8.25,11.65,12.046,4.893,915.53,3941.25
2024-01-11,5.31,8.25,11.65,12.022,4.8712,911.0,3924.73
2024-01-12,5.31,8.25,11.65,12.059,4.8544,909.23,3912.53
2024-01-15,5.31,8.25,11.65,12.063,4.8656,911.38,3906.25
2024-01-16,5.32,8.25,11.65,12.055,4.927,925.0,3942.69
2024-01-17,5.32,8.25,11.65,12.068,4.9313,922.85,3966.11
2024-01-18,5.31,8.25,11.65,12.057,4.9299,918.06,3918.32
2024-01-19,5.31,8.25,11.65,12.06,4.9299,910.49,3910.64
2024-01-22,5.31,8.25,11.65,12.056,4.9852,909.63,3901.38
2024-01-23,5.31,8.25,11.65,12.054,4.9503,913.4,3953.31
2024-01-24,5.31,8.25,11.65,12.049,4.9328,910.25,3917.13
2024-01-25,5.32,8.25,11.65,12.052,4.9166,909.45,3941.18
2024-01-26,5.32,8.25,11.65,12.056,4.9109,922.5,3912.6
2024-01-29,5.31,8.25,11.65,12.047,4.948,930.1,3930.0
2024-01-30,5.31,8.25,11.65,12.021,4.9501,931.45,3915.0
2024-01-31,5.32,7.25,11.65,12.016,4.9554,929.08,3914.9
2024-02-01,5.32,7.25,11.15,11.831,4.9127,932.55,3888.25
2024-02-02,5.32,7.25,11.15,11.814,4.9704,947.55,3935.8
2024-02-05,5.31,7.25,11.15,11.829,4.9824,956.0,3966.59
2024-02-06,5.31,7.25,11.15,11.818,4.9591,948.98,3953.5
2024-02-07,5.31,7.25,11.15,11.818,4.9717,954.13,3958.39
2024-02-08,5.31,7.25,11.15,11.832,4.9972,965.5,3948.51
2024-02-09,5.31,7.25,11.15,11.834,4.9544,970.27,3922.34
2024-02-12,5.31,7.25,11.15,11.816,4.9633,970.6,3915.39
2024-02-13,5.31,7.25,11.15,11.815,4.9633,970.34,3925.2
2024-02-14,5.3,7.25,11.15,11.82,4.974,958.15,3917.5
2024-02-15,5.31,7.25,11.15,11.836,4.9739,967.62,3909.5
2024-02-16,5.3,7.25,11.15,11.819,4.9661,971.9,3908.54
2024-02-19,5.3,7.25,11.15,11.819,4.9606,966.58,3912.7
2024-02-20,5.3,7.25,11.15,11.837,4.927,962.61,3921.9
2024-02-21,5.3,7.25,11.15,11.838,4.9382,970.79,3925.48
2024-02-22,5.3,7.25,11.15,11.839,4.9644,979.38,3929.02
2024-02-23,5.31,7.25,11.15,11.839,4.9943,980.18,3964.07
2024-02-26,5.31,7.25,11.15,11.839,4.9809,988.7,3958.87
2024-02-27,5.31,7.25,11.15,11.825,4.9342,981.28,3933.04
2024-02-28,5.31,7.25,11.15,11.828,4.9707,977.1,3925.0
2024-02-29,5.32,7.25,11.15,11.824,4.9708,966.5,3925.76
2024-03-01,5.31,7.25,11.15,11.814,4.955,966.0,3947.61
2024-03-04,5.31,7.25,11.15,11.818,4.9481,975.5,3941.96
2024-03-05,5.31,7.25,11.15,11.828,4.9583,980.37,3945.02
2024-03-06,5.31,7.25,11.15,11.822,4.9455,984.65,3921.27
2024-03-07,5.31,7.25,11.15,11.801,4.935,981.61,3916.7
2024-03-08,5.31,7.25,11.15,11.81,4.9833,961.65,3901.75
2024-03-11,5.31,7.25,11.15,11.827,4.9779,966.83,3915.11
2024-03-12,5.31,7.25,11.15,11.816,4.972,959.73,3924.38
2024-03-13,5.31,7.25,11.15,11.837,4.972,945.5,3904.33
2024-03-14,5.31,7.25,11.15,11.838,4.9898,940.63,3893.81
2024-03-15,5.31,7.25,11.15,11.839,4.9959,942.95,3882.89
2024-03-18,5.31,7.25,11.15,11.84,5.0255,948.75,3896.5
2024-03-19,5.31,7.25,11.15,11.84,5.0307,965.75,3879.7
2024-03-20,5.31,7.25,11.15,11.84,4.9681,967.28,3893.73
2024-03-21,5.31,7.25,10.65,11.828,4.979,972.8,3902.02
2024-03-22,5.31,7.25,10.65,11.827,5.0015,982.88,3894.44
2024-03-26,5.32,7.25,10.65,11.4,4.9816,980.55,3856.88
2024-03-27,5.33,7.25,10.65,11.39,4.9852,980.25,3852.31
2024-04-01,5.35,7.25,10.65,11.4,5.0553,984.9,3864.23
2024-04-02,5.34,6.5,10.65,11.4,5.0584,975.53,3829.73
2024-04-03,5.32,6.5,10.65,11.401,5.0391,954.89,3813.0
2024-04-04,5.32,6.5,10.65,11.397,5.0556,942.38,3767.95
2024-04-05,5.32,6.5,10.65,11.384,5.0665,949.1,3766.05
2024-04-08,5.31,6.5,10.65,11.342,5.0295,944.13,3770.01
2024-04-09,5.31,6.5,10.65,11.301,5.0093,941.55,3773.99
2024-04-10,5.31,6.5,10.65,11.375,5.0748,954.55,3810.85
2024-04-11,5.31,6.5,10.65,11.387,5.0925,955.7,3827.47
2024-04-12,5.31,6.5,10.65,11.358,5.1182,969.5,3861.6
2024-04-15,5.32,6.5,10.65,11.395,5.1856,979.1,3902.36
2024-04-16,5.31,6.5,10.65,11.398,5.2829,981.84,3917.05
2024-04-17,5.31,6.5,10.65,11.399,5.2421,977.83,3901.73
2024-04-18,5.3,6.5,10.65,11.399,5.2485,965.78,3938.2
2024-04-19,5.31,6.5,10.65,11.392,5.2021,955.3,3910.34
2024-04-22,5.31,6.5,10.65,11.392,5.1663,953.4,3915.84
2024-04-23,5.31,6.5,10.65,11.392,5.1264,954.6,3909.38
2024-04-24,5.31,6.5,10.65,11.4,5.1481,950.75,3939.21
2024-04-25,5.31,6.5,10.65,11.4,5.1592,949.51,3955.52
2024-04-26,5.32,6.5,10.65,11.393,5.1166,950.4,3902.9
2024-04-29,5.32,6.5,10.65,11.392,5.1205,941.55,3866.4
2024-04-30,5.34,6.5,10.65,11.397,5.1934,960.33,3919.57
2024-05-02,5.31,6.5,10.65,10.957,5.1119,946.03,3905.05
2024-05-03,5.31,6.5,10.65,10.954,5.0725,939.25,3913.25
2024-05-06,5.31,6.5,10.65,10.959,5.0763,930.63,3896.05
2024-05-07,5.31,6.5,10.65,10.959,5.0717,936.98,3887.56
2024-05-08,5.31,6.5,10.65,10.959,5.0909,937.73,3899.26
2024-05-09,5.31,6.5,10.4,10.959,5.1416,925.22,3898.75
2024-05-10,5.31,6.5,10.4,10.959,5.1581,925.45,3889.21
2024-05-14,5.31,6.5,10.4,10.955,5.1294,915.9,3847.0
2024-05-15,5.31,6.5,10.4,10.951,5.1366,904.65,3823.17
2024-05-16,5.31,6.5,10.4,10.96,5.1296,897.83,3829.75
2024-05-17,5.31,6.5,10.4,10.961,5.1045,889.45,3829.43
2024-05-20,5.31,6.5,10.4,10.961,5.1045,888.33,3817.92
2024-05-21,5.31,6.5,10.4,10.962,5.123,888.13,3814.15
2024-05-22,5.31,6.5,10.4,10.962,5.1516,910.07,3827.96
2024-05-23,5.31,6.0,10.4,10.963,5.1449,909.5,3866.94
2024-05-24,5.32,6.0,10.4,10.967,5.168,902.35,3874.83
2024-05-27,5.32,6.0,10.4,10.974,5.1713,900.9,3874.4
2024-05-28,5.32,6.0,10.4,10.969,5.1607,896.75,3846.53
2024-05-29,5.33,6.0,10.4,10.962,5.2038,911.48,3875.0
2024-05-30,5.33,6.0,10.4,10.962,5.1348,917.95,3868.91
2024-05-31,5.34,6.0,10.4,10.955,5.2461,918.25,3867.04
2024-06-04,5.33,6.0,10.4,10.959,5.2876,907.4,3936.57
2024-06-05,5.33,6.0,10.4,10.962,5.2984,909.42,3935.27
2024-06-06,5.33,6.0,10.4,10.962,5.2541,908.15,3937.61
2024-06-07,5.33,6.0,10.4,10.962,5.3453,920.2,3934.5
2024-06-11,5.32,6.0,10.4,10.962,5.3656,922.55,3985.31
2024-06-12,5.31,6.0,10.4,10.962,5.4143,916.63,4027.61
2024-06-13,5.31,6.0,10.4,10.965,5.3643,917.49,4147.88
2024-06-14,5.31,6.0,10.4,10.965,5.3764,934.8,4139.44
2024-06-17,5.33,6.0,10.4,10.965,5.4206,936.05,4130.58
2024-06-18,5.33,5.75,10.4,10.96,5.4352,936.98,4137.0
2024-06-19,5.33,5.75,10.4,10.961,5.4349,932.15,4160.85
2024-06-20,5.32,5.75,10.4,10.962,5.4501,930.52,4172.91
2024-06-21,5.31,5.75,10.4,10.962,5.432,942.7,4145.99
2024-06-24,5.31,5.75,10.4,10.962,5.3905,945.74,4091.17
2024-06-25,5.33,5.75,10.4,10.962,5.4516,941.4,4099.33
2024-06-26,5.34,5.75,10.4,10.962,5.5212,951.53,4136.72
2024-06-27,5.34,5.75,10.4,10.957,5.5004,955.38,4167.98
2024-06-28,5.33,5.75,10.4,10.955,5.594,940.23,4153.08
2024-07-02,5.35,5.75,10.4,10.519,5.6764,945.58,4128.61
2024-07-03,5.33,5.75,10.4,10.511,5.5531,940.53,4102.34
2024-07-04,5.33,5.75,10.4,10.521,5.4853,935.0,4097.38
2024-07-05,5.32,5.75,10.4,10.517,5.4601,937.38,4087.41
2024-07-08,5.32,5.75,10.4,10.516,5.4703,940.05,4048.04
2024-07-09,5.34,5.75,10.4,10.52,5.4212,930.6,4016.03
2024-07-10,5.34,5.75,10.4,10.517,5.4161,911.33,3969.92
2024-07-11,5.34,5.75,10.4,10.516,5.4386,912.78,3978.4
2024-07-12,5.34,5.75,10.4,10.516,5.4292,905.45,3922.1
2024-07-15,5.34,5.75,10.4,10.522,5.4453,909.38,3947.79
2024-07-16,5.35,5.75,10.4,10.522,5.4289,936.85,3982.46
2024-07-17,5.35,5.75,10.4,10.526,5.4826,925.0,4002.71
2024-07-18,5.34,5.75,10.4,10.532,5.5445,942.85,4044.66
2024-07-19,5.34,5.75,10.4,10.538,5.5978,946.78,4037.56
2024-07-22,5.33,5.75,10.4,10.532,5.5768,941.8,3995.69
2024-07-23,5.34,5.75,10.4,10.534,5.5856,946.31,4010.93
2024-07-24,5.34,5.75,10.4,10.529,5.6546,948.65,4042.73
2024-07-25,5.35,5.75,10.4,10.527,5.6447,951.13,4031.75
2024-07-26,5.35,5.75,10.4,10.523,5.6563,952.23,4024.06
2024-07-29,5.33,5.75,10.4,10.521,5.6152,955.8,4065.92
2024-07-30,5.33,5.75,10.4,10.518,5.6129,953.65,4084.93
2024-07-31,5.38,5.75,10.4,10.509,5.6505,941.65,4063.9
2024-08-01,5.35,5.75,10.4,10.072,5.7462,952.48,4087.66
2024-08-02,5.35,5.75,10.4,10.069,5.7281,950.6,4132.0
2024-08-05,5.32,5.75,10.4,10.075,5.7228,954.1,4156.5
2024-08-06,5.33,5.75,10.4,10.076,5.6627,944.88,4139.52
2024-08-08,5.34,5.75,10.4,10.075,5.547,936.28,4073.0
2024-08-09,5.34,5.75,10.4,10.078,5.5087,932.2,4072.09
2024-08-12,5.34,5.75,10.4,10.069,5.4965,933.48,4055.28
2024-08-13,5.34,5.75,10.4,10.074,5.4554,930.88,4032.41
2024-08-14,5.33,5.75,10.4,10.076,5.4736,934.58,4019.63
2024-08-15,5.35,5.75,10.4,10.077,5.4837,928.5,4011.71
2024-08-16,5.32,5.75,10.4,10.077,5.4715,938.13,4030.25
2024-08-20,5.32,5.75,10.4,10.08,5.4769,924.1,4010.55
2024-08-21,5.31,5.75,10.4,10.08,5.4888,915.88,4029.54
2024-08-22,5.31,5.75,10.4,10.079,5.584,919.89,4063.99
2024-08-23,5.33,5.75,10.4,10.078,5.4859,908.23,4028.51
2024-08-26,5.34,5.75,10.4,10.079,5.4948,905.15,4024.91
2024-08-27,5.35,5.75,10.4,10.07,5.5089,907.78,4038.35
2024-08-28,5.35,5.75,10.4,10.077,5.5676,912.04,4096.5
2024-08-29,5.33,5.75,10.4,10.072,5.6278,911.7,4120.09
2024-08-30,5.32,5.75,10.4,10.073,5.6068,910.68,4177.58
2024-09-02,5.32,5.75,10.4,10.069,5.6178,917.78,4165.62
2024-09-03,5.34,5.5,10.4,10.072,5.6443,929.38,4185.7
2024-09-04,5.35,5.5,10.4,10.074,5.6418,943.33,4172.84
2024-09-05,5.35,5.5,10.4,10.073,5.573,941.78,4158.04
2024-09-06,5.34,5.5,10.4,10.071,5.5994,943.99,4174.4
2024-09-09,5.34,5.5,10.4,10.071,5.5849,944.78,4243.67
2024-09-10,5.33,5.5,10.4,10.073,5.6602,948.94,4280.35
2024-09-11,5.32,5.5,10.4,10.072,5.6624,942.38,4269.8
2024-09-12,5.33,5.5,10.4,10.073,5.6257,930.65,4208.77
2024-09-13,5.33,5.5,10.4,10.073,5.5646,926.25,4184.62
2024-09-16,5.38,5.5,10.4,10.073,5.5111,922.45,4233.9
2024-09-17,5.38,5.5,10.4,10.074,5.4833,931.85,4211.66
2024-09-18,5.33,5.5,10.4,10.075,5.461,926.05,4182.07
2024-09-19,4.82,5.5,10.65,10.076,5.4255,926.05,4160.62
2024-09-20,4.83,5.5,10.65,10.076,5.5107,926.05,4151.59
2024-09-23,4.83,5.5,10.65,10.078,5.5375,922.23,4157.5
2024-09-24,4.84,5.5,10.65,10.082,5.4554,909.9,4154.25
2024-09-25,4.84,5.5,10.65,10.081,5.4741,913.75,4198.43
2024-09-26,4.83,5.5,10.65,10.082,5.4376,900.86,4158.96
2024-09-27,4.84,5.5,10.65,10.075,5.4342,899.9,4178.15
2024-09-30,4.96,5.5,10.65,10.075,5.4496,898.7,4206.9
2024-10-01,5.05,5.5,10.65,9.627,5.4393,904.88,4221.89
2024-10-02,4.92,5.5,10.65,9.63,5.4421,911.13,4183.12
2024-10-03,4.85,5.5,10.65,9.63,5.4769,918.93,4191.27
2024-10-04,4.83,5.5,10.65,9.633,5.4559,923.38,4169.09
2024-10-07,4.83,5.5,10.65,9.628,5.4897,925.9,4214.95
2024-10-08,4.84,5.5,10.65,9.632,5.5344,932.15,4227.37
2024-10-09,4.83,5.5,10.65,9.627,5.5935,932.6,4234.76
2024-10-10,4.82,5.5,10.65,9.628,5.5835,930.76,4201.27
2024-10-11,4.81,5.5,10.65,9.63,5.611,924.0,4209.42
2024-10-15,4.86,5.5,10.65,9.634,5.6529,943.3,4247.75
2024-10-16,4.86,5.5,10.65,9.634,5.6643,935.6,4264.13
2024-10-17,4.85,5.25,10.65,9.634,5.6549,946.3,4256.74
2024-10-18,4.84,5.25,10.65,9.628,5.693,953.9,4272.1
2024-10-21,4.82,5.25,10.65,9.631,5.6955,952.33,4276.25
2024-10-22,4.83,5.25,10.65,9.633,5.6906,947.18,4265.07
2024-10-23,4.83,5.25,10.65,9.637,5.6884,946.63,4316.83
2024-10-24,4.83,5.25,10.65,9.635,5.6646,947.03,4301.0
2024-10-25,4.83,5.25,10.65,9.639,5.7078,948.35,4327.5
2024-10-28,4.82,5.25,10.65,9.638,5.709,947.2,4336.36
2024-10-29,4.82,5.25,10.65,9.634,5.7618,954.73,4388.25
2024-10-30,4.81,5.25,10.65,9.631,5.7629,962.33,4417.25
2024-10-31,4.9,5.25,10.65,9.635,5.7877,937.55,4423.83
2024-11-01,4.86,5.25,10.65,9.178,5.8703,973.18,4435.79
2024-11-05,4.82,5.25,10.65,9.183,5.7464,956.1,4408.36
2024-11-06,4.81,5.25,10.65,9.175,5.6774,960.58,4412.2
2024-11-07,4.82,5.25,11.15,9.179,5.6903,948.6,4308.04
2024-11-08,4.6,5.25,11.15,9.179,5.7352,971.75,4361.71
2024-11-12,4.6,5.25,11.15,9.179,5.7573,985.1,4452.0
2024-11-13,4.59,5.25,11.15,9.179,5.7974,978.78,4478.56
2024-11-14,4.58,5.25,11.15,9.179,5.7964,975.51,4486.0
2024-11-15,4.57,5.25,11.15,9.179,5.8092,979.33,4429.77
2024-11-18,4.57,5.25,11.15,9.179,5.7527,972.96,4402.75
2024-11-19,4.57,5.25,11.15,9.182,5.7731,971.9,4391.99
2024-11-20,4.56,5.25,11.15,9.181,5.8092,972.95,4402.06
2024-11-21,4.57,5.25,11.15,9.178,5.8142,974.08,4392.45
2024-11-22,4.57,5.25,11.15,9.175,5.8068,986.01,4416.49
2024-11-25,4.58,5.25,11.15,9.18,5.8111,976.8,4385.8
2024-11-26,4.58,5.25,11.15,9.182,5.8122,978.0,4402.38
2024-11-27,4.57,5.25,11.15,9.183,5.934,977.67,4386.95
2024-11-28,4.57,5.25,11.15,9.184,6.0109,977.43,4402.49
2024-11-29,4.59,5.25,11.15,9.181,5.9713,973.68,4433.36
2024-12-02,4.64,5.25,11.15,9.181,6.068,977.83,4460.08
2024-12-03,4.64,5.25,11.15,9.182,6.0506,972.25,4440.81
2024-12-04,4.59,5.25,11.15,9.178,6.0398,974.66,4415.73
2024-12-05,4.59,5.25,11.15,9.183,6.007,970.25,4415.27
2024-12-06,4.6,5.25,11.15,9.183,6.0867,974.98,4407.95
2024-12-09,4.63,5.25,11.15,9.183,6.0836,969.03,4372.26
2024-12-10,4.64,5.25,11.15,9.176,6.0511,975.15,4371.19
2024-12-11,4.62,5.25,11.15,9.178,5.9647,976.0,4345.1
2024-12-12,4.62,5.25,12.15,9.177,5.9976,978.95,4346.97
2024-12-13,4.6,5.25,12.15,9.182,6.0564,986.38,4317.91
2024-12-16,4.65,5.25,12.15,9.183,6.1349,991.1,4321.25
2024-12-17,4.62,5.0,12.15,9.18,6.1109,987.83,4345.8
2024-12-18,4.57,5.0,12.15,9.179,6.2931,990.6,4372.84
2024-12-19,4.3,5.0,12.15,9.183,6.1403,992.5,4378.59
2024-12-20,4.3,5.0,12.15,9.183,6.085,990.45,4386.38
2024-12-23,4.31,5.0,12.15,8.958,6.1915,991.8,4419.98
2024-12-24,4.4,5.0,12.15,8.958,6.1575,986.9,4373.69
2024-12-26,4.53,5.0,12.15,8.958,6.1813,990.37,4383.85
2024-12-27,4.46,5.0,12.15,8.959,6.1921,993.93,4408.03
2024-12-30,4.37,5.0,12.15,8.96,6.1774,994.92,4404.8
2024-12-31,4.49,5.0,12.15,8.96,6.1035,983.29,4405.77
2025-01-02,4.4,5.0,12.15,8.956,6.1512,1005.25,4375.3
2025-01-03,4.31,5.0,12.15,8.946,6.1854,1018.25,4346.85
2025-01-07,4.27,5.0,12.15,8.955,6.1021,1004.57,4340.06
2025-01-08,4.29,5.0,12.15,8.961,6.1099,1001.89,4327.2
2025-01-09,4.3,5.0,12.15,8.961,6.0366,1007.7,4332.0
2025-01-10,4.3,5.0,12.15,8.964,6.1079,1012.75,4345.0
2025-01-13,4.29,5.0,12.15,8.967,6.0972,1007.28,4306.75
2025-01-14,4.28,5.0,12.15,8.963,6.0542,1003.07,4294.5
2025-01-15,4.28,5.0,12.15,8.964,6.0131,1006.11,4302.14
2025-01-16,4.29,5.0,12.15,8.964,6.0547,1012.35,4343.73
2025-01-17,4.29,5.0,12.15,8.964,6.0796,1006.1,4335.35
2025-01-20,4.29,5.0,12.15,8.97,6.0333,1001.72,4318.75
2025-01-21,4.29,5.0,12.15,8.97,6.026,1003.5,4306.16
2025-01-22,4.3,5.0,12.15,8.971,5.9423,991.03,4266.2
2025-01-23,4.35,5.0,12.15,8.973,5.924,987.75,4230.88
2025-01-24,4.34,5.0,12.15,8.974,5.9138,982.5,4178.25
2025-01-27,4.34,5.0,12.15,8.981,5.9038,987.9,4198.48
2025-01-28,4.35,5.0,12.15,8.985,5.8657,993.88,4219.0
2025-01-29,4.35,5.0,12.15,8.989,5.865,991.85,4169.15
2025-01-30,4.36,5.0,13.15,8.995,5.8752,984.25,4155.03
2025-01-31,4.38,5.0,13.15,9.0,5.844,980.25,4209.33
2025-02-03,4.35,5.0,13.15,9.002,5.8082,988.45,4161.71
2025-02-04,4.33,5.0,13.15,8.984,5.7586,971.58,4160.14
2025-02-05,4.33,5.0,13.15,8.977,5.8044,971.85,4176.42
2025-02-06,4.36,5.0,13.15,9.002,5.7626,963.17,4135.67
2025-02-07,4.35,5.0,13.15,8.984,5.8091,964.15,4122.38
2025-02-10,4.35,5.0,13.15,8.979,5.7877,961.33,4137.3
2025-02-11,4.34,5.0,13.15,8.989,5.7659,961.23,4139.46
2025-02-12,4.32,5.0,13.15,9.003,5.7596,952.23,4167.04
2025-02-13,4.33,5.0,13.15,8.966,5.7675,945.38,4139.08
2025-02-14,4.33,5.0,13.15,8.956,5.6988,941.63,4126.25
2025-02-17,4.33,5.0,13.15,8.954,5.7124,948.26,4126.85
2025-02-18,4.37,5.0,13.15,8.953,5.6845,950.68,4093.0
2025-02-19,4.35,5.0,13.15,8.945,5.7219,950.3,4101.37
2025-02-20,4.33,5.0,13.15,8.956,5.7027,943.15,4076.72
2025-02-21,4.34,5.0,13.15,8.96,5.7305,947.17,4082.25
2025-02-24,4.34,5.0,13.15,8.961,5.7727,943.78,4118.26
2025-02-25,4.33,5.0,13.15,8.966,5.7522,941.98,4128.66
2025-02-26,4.33,5.0,13.15,8.962,5.8123,941.53,4103.88
2025-02-27,4.36,5.0,13.15,8.969,5.8315,952.83,4131.46
2025-02-28,4.39,5.0,13.15,8.952,5.8844,963.3,4154.14
2025-03-03,4.33,5.0,13.15,8.958,5.7431,950.48,4108.13
2025-03-04,4.33,5.0,13.15,8.959,5.7431,945.05,4159.5
2025-03-05,4.34,5.0,13.15,8.953,5.7558,930.3,4112.75
2025-03-06,4.35,5.0,13.15,8.954,5.7629,928.25,4102.99
2025-03-07,4.34,5.0,13.15,8.953,5.7896,928.58,4130.83
2025-03-10,4.33,5.0,13.15,8.952,5.8554,944.5,4179.77
2025-03-11,4.32,5.0,13.15,8.947,5.8104,933.48,4132.3
2025-03-12,4.31,5.0,13.15,8.95,5.8,937.87,4107.04
2025-03-13,4.3,5.0,13.15,8.956,5.7997,936.13,4124.38
2025-03-14,4.3,5.0,13.15,8.951,5.7421,928.48,4100.22
2025-03-17,4.32,5.0,13.15,8.952,5.6838,919.75,4072.39
2025-03-18,4.31,5.0,13.15,8.956,5.6713,917.04,4118.11
2025-03-19,4.29,5.0,13.15,8.955,5.6483,916.58,4162.88
2025-03-20,4.29,5.0,14.15,8.955,5.6805,928.2,4171.58
2025-03-21,4.3,5.0,14.15,8.955,5.7283,920.65,4144.75
2025-03-25,4.33,5.0,14.15,8.956,5.6994,921.27,4107.81
2025-03-26,4.35,5.0,14.15,8.955,5.7352,926.29,4129.0
2025-03-27,4.36,5.0,14.15,8.954,5.7457,934.17,4170.55
2025-03-28,4.34,5.0,14.15,8.953,5.761,951.3,4201.7
2025-03-31,4.41,5.0,14.15,8.974,5.7057,951.08,4182.91
2025-04-01,4.39,5.0,14.15,8.952,5.6825,946.63,4145.5
2025-04-02,4.37,5.0,14.15,8.952,5.6591,954.9,4156.13
2025-04-03,4.39,5.0,14.15,8.951,5.63,949.73,4156.2
2025-04-04,4.35,5.0,14.15,8.953,5.8423,978.55,4274.23
2025-04-07,4.33,5.0,14.15,8.952,5.9144,988.95,4384.8
2025-04-08,4.4,5.0,14.15,8.952,6.0118,1000.0,4425.25
2025-04-09,4.42,5.0,14.15,8.951,5.8252,980.13,4319.28
2025-04-10,4.37,5.0,14.15,8.951,5.8856,986.8,4333.35
2025-04-11,4.33,5.0,14.15,8.951,5.8668,971.92,4276.97
2025-04-14,4.33,5.0,14.15,8.953,5.8552,967.56,4298.31
2025-04-15,4.36,5.0,14.15,8.952,5.8862,971.95,4355.02
2025-04-16,4.31,5.0,14.15,8.952,5.867,969.13,4305.77
2025-04-21,4.32,5.0,14.15,8.96,5.7724,961.5,4281.54
2025-04-22,4.3,5.0,14.15,8.955,5.7247,942.5,4294.62
2025-04-23,4.28,5.0,14.15,8.954,5.7089,944.28,4306.42
2025-04-24,4.29,5.0,14.15,8.954,5.6829,934.43,4266.84
2025-04-25,4.33,5.0,14.15,8.953,5.6833,934.42,4217.75
2025-04-28,4.36,5.0,14.15,8.953,5.6549,943.83,4217.08
2025-04-29,4.36,5.0,14.15,8.954,5.6209,946.75,4186.64
2025-04-30,4.41,5.0,14.15,8.953,5.6734,948.4,4226.88
2025-05-01,4.39,5.0,14.15,8.953,5.6716,941.13,4242.65
2025-05-02,4.36,5.0,14.15,8.724,5.6572,947.95,4250.16
2025-05-05,4.33,5.0,14.15,8.727,5.6877,941.53,4300.22
2025-05-06,4.32,5.0,14.15,8.727,5.7141,940.35,4305.67
2025-05-07,4.3,5.0,14.15,8.724,5.7453,946.48,4284.83
2025-05-08,4.29,5.0,14.65,8.721,5.663,935.53,4251.67
2025-05-09,4.28,5.0,14.65,8.718,5.6541,936.81,4224.45
2025-05-12,4.28,5.0,14.65,8.724,5.6754,946.59,4226.51
2025-05-13,4.3,5.0,14.65,8.725,5.6081,940.18,4219.56
2025-05-14,4.29,5.0,14.65,8.727,5.6379,942.76,4181.17
2025-05-15,4.31,5.0,14.65,8.725,5.6827,938.85,4200.56
2025-05-16,4.3,5.0,14.65,8.724,5.6651,942.78,4176.25
2025-05-19,4.29,5.0,14.65,8.726,5.6521,937.78,4173.03
2025-05-20,4.27,5.0,14.65,8.727,5.6681,944.1,4167.2
2025-05-21,4.26,5.0,14.65,8.727,5.646,941.13,4176.57
2025-05-22,4.26,5.0,14.65,8.725,5.708,942.46,4175.38
2025-05-23,4.26,5.0,14.65,8.727,5.6467,938.97,4150.95
2025-05-26,4.26,5.0,14.65,8.731,5.669,940.1,4149.95
2025-05-27,4.31,5.0,14.65,8.734,5.6424,937.4,4112.01
2025-05-28,4.33,5.0,14.65,8.737,5.6899,941.0,4124.92
2025-05-29,4.33,5.0,14.65,8.738,5.6674,935.3,4119.47
2025-05-30,4.35,5.0,14.65,8.736,5.7231,945.68,4160.22
2025-06-03,4.32,5.0,14.65,8.733,5.6383,941.17,4107.95
2025-06-04,4.28,5.0,14.65,8.731,5.6371,937.05,4108.95
2025-06-05,4.29,5.0,14.65,8.727,5.588,931.0,4108.8
2025-06-06,4.29,5.0,14.65,8.73,5.5601,934.89,4115.39
2025-06-09,4.29,5.0,14.65,8.731,5.5588,937.1,4141.54
2025-06-10,4.28,5.0,14.65,8.731,5.5744,940.49,4205.71
2025-06-11,4.28,5.0,14.65,8.73,5.537,934.2,4180.19
2025-06-12,4.28,5.0,14.65,8.73,5.5374,930.08,4153.25
2025-06-13,4.28,5.0,14.65,8.728,5.5437,940.28,4131.56
2025-06-16,4.32,5.0,14.65,8.728,5.4925,936.33,4104.95
2025-06-17,4.31,5.0,14.65,8.729,5.501,945.3,4099.86
2025-06-18,4.28,5.0,14.65,8.728,5.4932,944.08,4068.2
2025-06-19,4.28,5.0,14.65,8.728,5.5427,940.2,4077.72
2025-06-20,4.29,5.0,14.9,8.73,5.5137,942.88,4094.82
2025-06-24,4.3,5.0,14.9,8.73,5.5111,934.95,4077.5
2025-06-25,4.36,5.0,14.9,8.734,5.564,937.38,4061.75
2025-06-26,4.4,5.0,14.9,8.736,5.4892,931.65,4040.25
2025-06-27,4.39,5.0,14.9,8.729,5.4867,941.48,4099.51
2025-07-01,4.44,5.0,14.9,8.728,5.4587,929.45,4027.35
2025-07-02,4.4,5.0,14.9,8.728,5.4249,927.13,3994.4
2025-07-03,4.35,5.0,14.9,8.728,5.4089,929.98,3983.84
2025-07-04,4.35,5.0,14.9,8.727,5.4211,930.55,3984.45
2025-07-07,4.33,5.0,14.9,8.728,5.4869,943.0,4043.05
2025-07-08,4.34,5.0,14.9,8.728,5.4481,941.94,4047.23
2025-07-09,4.32,5.0,14.9,8.729,5.5726,949.88,4007.9
2025-07-10,4.31,5.0,14.9,8.728,5.5318,950.26,4010.75
2025-07-11,4.31,5.0,14.9,8.728,5.5598,958.48,4000.65
2025-07-14,4.33,5.0,14.9,8.73,5.588,967.3,4001.53
2025-07-15,4.37,5.0,14.9,8.73,5.5568,966.41,4027.01
2025-07-16,4.34,5.0,14.9,8.729,5.5683,953.75,4014.09
2025-07-17,4.34,5.0,14.9,8.73,5.5457,962.7,4019.74
2025-07-18,4.3,5.0,14.9,8.73,5.5795,964.58,4015.52
2025-07-21,4.28,5.0,14.9,8.73,5.5672,954.05,4044.73
2025-07-22,4.28,5.0,14.9,8.73,5.5652,950.5,4075.65
2025-07-23,4.28,5.0,14.9,8.733,5.5201,949.17,4044.73
2025-07-24,4.3,5.0,14.9,8.735,5.5204,950.2,4072.67
2025-07-25,4.36,5.0,14.9,8.736,5.5642,963.5,4140.37
2025-07-28,4.36,5.0,14.9,8.732,5.5886,967.74,4166.29
2025-07-29,4.36,4.75,14.9,8.733,5.5746,971.25,4142.13
2025-07-30,4.32,4.75,14.9,8.73,5.5714,981.85,4181.7
2025-07-31,4.39,4.75,14.9,8.729,5.6003,972.61,4185.58
2025-08-01,4.34,4.75,14.9,8.728,5.5421,968.9,4127.2
2025-08-04,4.33,4.75,14.9,8.729,5.499,966.13,4097.52
2025-08-05,4.34,4.75,14.9,8.73,5.5076,965.98,4089.69
2025-08-06,4.34,4.75,14.9,8.728,5.4638,975.5,4046.19
2025-08-08,4.35,4.75,14.9,8.729,5.4345,966.13,4050.11
2025-08-11,4.34,4.75,14.9,8.728,5.4426,969.85,4034.21
2025-08-12,4.36,4.75,14.9,8.727,5.3889,955.32,4017.76
2025-08-13,4.33,4.75,14.9,8.727,5.3976,953.69,4028.49
2025-08-14,4.34,4.75,14.9,8.726,5.417,966.34,4052.4
2025-08-15,4.36,4.75,14.9,8.726,5.4011,965.63,4014.7
2025-08-19,4.33,4.75,14.9,8.728,5.5057,963.33,4032.15
2025-08-20,4.31,4.75,14.9,8.727,5.4824,967.0,4020.48
2025-08-21,4.32,4.75,14.9,8.73,5.4757,970.85,4030.6
2025-08-22,4.36,4.75,14.9,8.73,5.426,958.78,4010.8
2025-08-25,4.37,4.75,14.9,8.728,5.4117,964.78,4026.1
2025-08-26,4.38,4.75,14.9,8.728,5.4317,965.97,4054.23
2025-08-27,4.36,4.75,14.9,8.727,5.4182,968.28,4029.23
2025-08-28,4.34,4.75,14.9,8.73,5.4145,967.68,4026.55
2025-08-29,4.34,4.75,14.9,8.727,5.4297,966.88,4017.05
2025-09-01,4.34,4.75,14.9,8.727,5.4395,968.72,4016.55
2025-09-02,4.39,4.75,14.9,8.727,5.4651,973.4,4003.04
2025-09-03,4.39,4.75,14.9,8.727,5.451,969.1,4005.4
2025-09-04,4.41,4.75,14.9,8.727,5.4467,972.38,3987.1
2025-09-05,4.42,4.75,14.9,8.726,5.4126,965.89,3959.51
2025-09-08,4.4,4.75,14.9,8.727,5.4196,970.13,3940.35
2025-09-09,4.4,4.75,14.9,8.729,5.4383,967.93,3922.1
2025-09-10,4.39,4.75,14.9,8.727,5.4089,962.76,3924.25
2025-09-11,4.41,4.75,14.9,8.727,5.3891,952.29,3893.02
2025-09-12,4.42,4.75,14.9,8.727,5.3543,954.25,3896.5
2025-09-15,4.51,4.75,14.9,8.728,5.3169,951.19,3905.95
2025-09-16,4.39,4.75,14.9,8.729,5.2972,947.81,3870.56
2025-09-17,4.38,4.75,14.9,8.73,5.3045,952.05,3877.68
2025-09-18,4.14,4.75,14.9,8.73,5.3137,960.77,3894.98
2025-09-19,4.14,4.75,14.9,8.73,5.3241,960.77,3865.37
2025-09-22,4.14,4.75,14.9,8.73,5.3353,955.83,3846.2
2025-09-23,4.12,4.75,14.9,8.729,5.2824,948.85,3856.86
2025-09-24,4.13,4.75,14.9,8.729,5.3314,952.66,3883.29
2025-09-25,4.18,4.75,14.9,8.729,5.3637,961.3,3904.35
2025-09-26,4.16,4.75,14.9,8.73,5.344,959.88,3900.6
2025-09-29,4.13,4.75,14.9,8.731,5.3224,966.43,3919.32
2025-09-30,4.24,4.75,14.9,8.73,5.3218,962.5,3920.46
2025-10-01,4.2,4.75,14.9,8.728,5.3292,959.55,3879.38
2025-10-02,4.2,4.75,14.9,8.728,5.3383,961.79,3885.67
2025-10-03,4.18,4.75,14.9,8.731,5.3372,965.32,3869.8
2025-10-06,4.15,4.75,14.9,8.729,5.3113,962.07,3854.89
2025-10-07,4.14,4.75,14.9,8.731,5.3505,959.13,3875.21
2025-10-08,4.12,4.75,14.9,8.73,5.3431,951.03,3891.88
2025-10-09,4.13,4.75,14.9,8.731,5.3693,950.84,3885.77
2025-10-10,4.15,4.75,14.9,8.732,5.5209,960.03,3923.53
2025-10-14,4.19,4.75,14.9,8.73,5.484,960.96,3924.17
2025-10-15,4.29,4.75,14.9,8.73,5.4543,961.04,3894.88
2025-10-16,4.3,4.75,14.9,8.73,5.4448,955.98,3844.59
2025-10-17,4.18,4.75,14.9,8.729,5.4102,957.6,3831.32
2025-10-20,4.16,4.75,14.9,8.73,5.3745,950.95,3884.52
2025-10-21,4.23,4.75,14.9,8.728,5.3883,953.65,3892.88
2025-10-22,4.21,4.75,14.9,8.728,5.4008,950.5,3909.61
2025-10-23,4.24,4.75,14.9,8.727,5.3839,944.51,3882.05
2025-10-24,4.24,4.75,14.9,8.729,5.3889,941.55,3852.07
2025-10-27,4.27,4.75,14.9,8.727,5.374,941.43,3848.27
2025-10-28,4.31,4.75,14.9,8.729,5.3582,943.4,3897.41
2025-10-29,4.27,4.75,14.9,8.73,5.3613,941.83,3873.6
2025-10-30,4.04,4.75,14.9,8.729,5.3814,942.38,3862.4
2025-10-31,4.22,4.75,14.9,8.73,5.3766,953.12,3854.68
2025-11-04,4.0,4.75,14.9,8.731,5.4005,946.53,3857.9
2025-11-05,3.91,4.75,14.9,8.73,5.357,944.32,3834.5
2025-11-06,3.92,4.75,14.9,8.728,5.3521,943.4,3785.9
2025-11-07,3.93,4.75,14.9,8.732,5.334,945.7,3783.68
2025-11-10,3.95,4.75,14.9,8.731,5.301,938.8,3754.4
2025-11-11,3.95,4.75,14.9,8.733,5.2734,934.55,3736.47
2025-11-12,3.98,4.75,14.9,8.733,5.2924,930.1,3707.02
2025-11-13,4.0,4.75,14.9,8.734,5.2991,928.75,3745.98
2025-11-14,3.95,4.75,14.9,8.734,5.2974,927.25,3755.13
2025-11-17,4.0,4.75,14.9,8.734,5.328,923.46,3755.94
2025-11-18,3.94,4.75,14.9,8.736,5.3238,932.83,3722.17
2025-11-19,3.91,4.75,14.9,8.736,5.3333,931.63,3713.67
2025-11-20,3.91,4.75,14.9,8.735,5.3385,929.46,3763.92
2025-11-21,3.93,4.75,14.9,8.732,5.4032,939.43,3807.4
2025-11-24,3.96,4.75,14.9,8.729,5.3898,940.12,3801.71
2025-11-25,4.01,4.75,14.9,8.727,5.3859,935.5,3813.3
2025-11-26,4.05,4.75,14.9,8.723,5.3337,926.37,3729.34
2025-11-27,4.05,4.75,14.9,8.71,5.354,928.94,3743.55
2025-11-28,4.12,4.75,14.9,8.658,5.3351,927.9,3755.34
2025-12-01,4.12,4.75,14.9,8.612,5.3559,929.8,3815.61
2025-12-02,4.01,4.75,14.9,8.552,5.3279,921.78,3811.0
2025-12-03,3.95,4.75,14.9,8.644,5.3109,919.18,3763.79
2025-12-04,3.92,4.75,14.9,8.686,5.312,918.08,3799.05
2025-12-05,3.93,4.75,14.9,8.671,5.4506,923.66,3842.61
2025-12-09,3.93,4.75,14.9,8.715,5.4399,925.63,3864.73
2025-12-10,3.9,4.75,14.9,8.721,5.4718,923.06,3839.77
2025-12-11,3.66,4.75,14.9,8.721,5.4058,914.14,3802.73
2025-12-12,3.67,4.75,14.9,8.726,5.4181,907.69,3800.46
2025-12-15,3.75,4.75,14.9,8.727,5.4191,915.38,3830.05
2025-12-16,3.69,4.5,14.9,8.727,5.4675,914.63,3843.64
2025-12-17,3.69,4.5,14.9,8.727,5.5145,917.93,3864.8
2025-12-18,3.66,4.5,14.9,8.727,5.5223,910.53,3859.92
2025-12-19,3.66,4.5,14.9,8.726,5.5434,910.32,3823.85
2025-12-22,3.68,4.5,14.9,8.728,5.5915,909.25,3783.35
2025-12-23,3.66,4.5,14.9,8.728,5.5285,907.47,3760.55
2025-12-24,3.66,4.5,14.9,8.73,5.5402,904.35,3736.1
2025-12-26,3.76,4.5,14.9,8.736,5.5435,907.66,3697.0
2025-12-29,3.77,4.5,14.9,8.763,5.5728,915.43,3748.3
2025-12-30,3.71,4.5,14.9,8.745,5.4749,899.31,3777.62
